B7MBF8,BETA
Q8A6W3,BETA
A0A0B9X9I7,BETA
A0A0D5YI36,BETA
A0A0H3AME7,BETA
A5F934,BETA
A5VZA8,BETA
A5W3Z9,BETA
A6XB80,BETA
C4IN73,BETA
D0C8V9,BETA
G3XD89,BETA
G3XDA5,BETA
L0RVU0,BETA
O33407,BETA
O88093,BETA
P05695,BETA
P06129,BETA
P09169,BETA
P0A927,BETA
P0ADE4,BETA
P10384,BETA
P11922,BETA
P13036,BETA
P13794,BETA
P18895,BETA
P26466,BETA
P30130,BETA
P31827,BETA
P35077,BETA
P37001,BETA
P37650,BETA
P43261,BETA
P46359,BETA
P48632,BETA
P69434,BETA
P69856,BETA
P72412,BETA
P76045,BETA
Q00595,BETA
Q03155,BETA
Q45340,BETA
Q48391,BETA
Q51227,BETA
Q5I6C7,BETA
Q659I5,BETA
Q6D8U4,BETA
Q72JD8,BETA
Q79AD2,BETA
Q8D0Z7,BETA
Q8GKS5,BETA
Q8GNN6,BETA
Q8ZPT3,BETA
Q8ZRW0,BETA
Q934G3,BETA
Q9HVD1,BETA
Q9HVJ6,BETA
Q9HVS0,BETA
Q9HWW1,BETA
P0A910,BETA
Q9I116,BETA
Q9I5U2,BETA
Q9JZN9,BETA
Q9K0U9,BETA
A0RZH5,BETA
P09888,BETA
P22340,BETA
P24305,BETA
Q7BCK4,BETA
Q8ZRJ9,BETA
Q9K0U7,BETA
Q9RP17,BETA
Q51486,BETA
Q841A2,BETA
P02930,BETA
A1JUB7,BETA
O33458,BETA
A5FJM7,BETA
P0A232,BETA
P0DSN2,BETA
P76115,BETA
A0A081GU02,BETA
V6ALN4,BETA
Q5H9F3,GLOBULAR
P91276,GLOBULAR
F4J8D3,GLOBULAR
O94441,GLOBULAR
Q90ZA1,GLOBULAR
Q9BWN1,GLOBULAR
Q9VTE2,GLOBULAR
Q9FYC2,GLOBULAR
P09914,GLOBULAR
Q32MW3,GLOBULAR
Q924C5,GLOBULAR
Q99836,GLOBULAR
P60832,GLOBULAR
Q6NZ36,GLOBULAR
Q03002,GLOBULAR
P25822,GLOBULAR
P33412,GLOBULAR
Q03898,GLOBULAR
P40363,GLOBULAR
Q9BZB8,GLOBULAR
Q9D291,GLOBULAR
F4J8K6,GLOBULAR
Q12072,GLOBULAR
P29590,GLOBULAR
Q9LZA5,GLOBULAR
Q12365,GLOBULAR
Q12211,GLOBULAR
Q969S3,GLOBULAR
Q9NQZ3,GLOBULAR
Q9Y2T7,GLOBULAR
Q940X9,GLOBULAR
E5FYH0,GLOBULAR
Q9FK12,GLOBULAR
P78362,GLOBULAR
Q06436,GLOBULAR
P53292,GLOBULAR
P97302,GLOBULAR
Q6X4W1,GLOBULAR
Q9GZZ9,GLOBULAR
Q56WK6,GLOBULAR
Q5F4K8,GLOBULAR
Q8RY59,GLOBULAR
P53335,GLOBULAR
Q6DRC5,GLOBULAR
Q9Y2F5,GLOBULAR
Q9SMZ4,GLOBULAR
Q9USW9,GLOBULAR
Q9H8H2,GLOBULAR
A8MU46,GLOBULAR
Q9SCR2,GLOBULAR
P42229,GLOBULAR
P49736,GLOBULAR
O82266,GLOBULAR
O96693,GLOBULAR
Q9UT31,GLOBULAR
Q8MLZ3,GLOBULAR
P52630,GLOBULAR
Q99590,GLOBULAR
O22975,GLOBULAR
Q05470,GLOBULAR
Q9NZN9,GLOBULAR
Q9SG02,GLOBULAR
F4J3T8,GLOBULAR
Q8IUR7,GLOBULAR
O36025,GLOBULAR
Q96JM3,GLOBULAR
P84308,GLOBULAR
O60303,GLOBULAR
Q6XUX3,GLOBULAR
Q86T24,GLOBULAR
Q9BYX2,GLOBULAR
P53333,GLOBULAR
E1V7W1,GLOBULAR
O43586,GLOBULAR
P39413,GLOBULAR
Q00497,GLOBULAR
G5EGA3,GLOBULAR
Q12343,GLOBULAR
P87052,GLOBULAR
Q10168,GLOBULAR
Q9Y592,GLOBULAR
P07834,GLOBULAR
P53145,GLOBULAR
O94324,GLOBULAR
Q10574,GLOBULAR
P40205,GLOBULAR
P53867,GLOBULAR
Q07930,GLOBULAR
A2A3N6,GLOBULAR
Q07418,GLOBULAR
O08648,GLOBULAR
Q9MV14,GLOBULAR
Q18685,GLOBULAR
P07814,GLOBULAR
Q53S33,GLOBULAR
Q9UTG1,GLOBULAR
Q9SE42,GLOBULAR
Q12947,GLOBULAR
Q9VKV8,GLOBULAR
Q10356,GLOBULAR
Q9NH52,GLOBULAR
P53307,GLOBULAR
Q19849,GLOBULAR
Q8GWS0,GLOBULAR
Q5U5M8,GLOBULAR
Q6NZY4,GLOBULAR
Q8TF01,GLOBULAR
Q07084,GLOBULAR
Q10135,GLOBULAR
Q9US35,GLOBULAR
O95810,GLOBULAR
P94552,GLOBULAR
P33401,GLOBULAR
O60783,GLOBULAR
Q5T5X7,GLOBULAR
Q9CAH0,GLOBULAR
O74804,GLOBULAR
Q8CGF6,GLOBULAR
P59644,GLOBULAR
Q93VC7,GLOBULAR
G5EGU2,GLOBULAR
B6TTV8,GLOBULAR
Q9P3W1,GLOBULAR
P0CX47,GLOBULAR
P34708,GLOBULAR
P23025,GLOBULAR
Q8RWH9,GLOBULAR
Q12297,GLOBULAR
Q9JMG6,GLOBULAR
O60136,GLOBULAR
Q10490,GLOBULAR
P46674,GLOBULAR
Q12286,GLOBULAR
Q6YUS3,GLOBULAR
Q9LT27,GLOBULAR
P25443,GLOBULAR
Q39055,GLOBULAR
Q8GXN9,GLOBULAR
P53873,GLOBULAR
Q6ZH94,GLOBULAR
Q9QYP6,GLOBULAR
Q8U1S5,GLOBULAR
Q15628,GLOBULAR
Q9H0U6,GLOBULAR
O15297,GLOBULAR
Q12500,GLOBULAR
Q06002,GLOBULAR
P47821,GLOBULAR
Q9LDN0,GLOBULAR
P0CU17,GLOBULAR
O14131,GLOBULAR
F4IIU4,GLOBULAR
Q9FZ47,GLOBULAR
Q5EN53,GLOBULAR
Q9VBW9,GLOBULAR
Q9DAG5,GLOBULAR
Q9Z266,GLOBULAR
Q8VZ59,GLOBULAR
Q8K3Y6,GLOBULAR
Q53H47,GLOBULAR
Q86UV5,GLOBULAR
Q9BYG8,GLOBULAR
Q9UQ84,GLOBULAR
B2LXS7,GLOBULAR
Q9Y3P9,GLOBULAR
Q8BLY2,GLOBULAR
Q9Y508,GLOBULAR
O42951,GLOBULAR
P53769,GLOBULAR
Q9NX02,GLOBULAR
Q96T21,GLOBULAR
P28700,GLOBULAR
Q9LRI8,GLOBULAR
Q5NBM8,GLOBULAR
P39731,GLOBULAR
P39995,GLOBULAR
Q1MTN7,GLOBULAR
O49290,GLOBULAR
P00348,GLOBULAR
Q15814,GLOBULAR
Q5EXX3,GLOBULAR
Q9LIH6,GLOBULAR
P34611,GLOBULAR
P74838,GLOBULAR
Q8H991,GLOBULAR
Q9HE16,GLOBULAR
Q8WY41,GLOBULAR
Q977V2,GLOBULAR
Q9FFZ6,GLOBULAR
O15304,GLOBULAR
P55263,GLOBULAR
P0DI81,GLOBULAR
Q9SJM4,GLOBULAR
P07275,GLOBULAR
Q9UT03,GLOBULAR
Q9LS00,GLOBULAR
Q05789,GLOBULAR
Q12129,GLOBULAR
P34689,GLOBULAR
O17286,GLOBULAR
P25567,GLOBULAR
Q96T68,GLOBULAR
Q9XW16,GLOBULAR
P0ACC7,GLOBULAR
Q12248,GLOBULAR
O14041,GLOBULAR
Q9BT92,GLOBULAR
O94538,GLOBULAR
B6H2G9,GLOBULAR
Q6FI81,GLOBULAR
Q5HZG9,GLOBULAR
Q5A5Q6,GLOBULAR
Q03262,GLOBULAR
Q8CE22,GLOBULAR
Q9NXA8,GLOBULAR
Q9UBF9,GLOBULAR
P34707,GLOBULAR
Q9UL49,GLOBULAR
Q6JAN1,GLOBULAR
Q6EDY6,GLOBULAR
Q5DTW7,GLOBULAR
P10155,GLOBULAR
O60130,GLOBULAR
P26784,GLOBULAR
P0DPG3,GLOBULAR
Q9FNY0,GLOBULAR
Q9UTE1,GLOBULAR
O13674,GLOBULAR
Q9NVR2,GLOBULAR
Q9FWA6,GLOBULAR
Q9P6R4,GLOBULAR
Q7Z4T9,GLOBULAR
Q05471,GLOBULAR
O13871,GLOBULAR
O74458,GLOBULAR
P38013,GLOBULAR
Q0JD85,GLOBULAR
Q8IX12,GLOBULAR
Q2V9B0,GLOBULAR
Q10MB4,GLOBULAR
G5EDW1,GLOBULAR
P25270,GLOBULAR
Q09811,GLOBULAR
F4IRR2,GLOBULAR
Q9BRF8,GLOBULAR
Q53FT3,GLOBULAR
Q12156,GLOBULAR
O42868,GLOBULAR
Q38897,GLOBULAR
O75533,GLOBULAR
P53877,GLOBULAR
P00175,GLOBULAR
Q9CA40,GLOBULAR
Q500V5,GLOBULAR
Q9BRS2,GLOBULAR
P34220,GLOBULAR
Q9SBK6,GLOBULAR
P97275,GLOBULAR
Q86PC9,GLOBULAR
Q9US51,GLOBULAR
O81787,GLOBULAR
P87229,GLOBULAR
O60393,GLOBULAR
Q8T6B9,GLOBULAR
Q9JMD0,GLOBULAR
Q8IY21,GLOBULAR
P24349,GLOBULAR
P40818,GLOBULAR
Q9NW64,GLOBULAR
Q949S9,GLOBULAR
Q9BYD3,GLOBULAR
Q75HY5,GLOBULAR
P0A006,GLOBULAR
Q9C0B1,GLOBULAR
Q10424,GLOBULAR
O60081,GLOBULAR
P46873,GLOBULAR
Q9H9L4,GLOBULAR
O74859,GLOBULAR
Q12488,GLOBULAR
Q06836,GLOBULAR
Q9LV14,GLOBULAR
Q9SU05,GLOBULAR
P55197,GLOBULAR
E9PYL2,GLOBULAR
D4A693,GLOBULAR
O94362,GLOBULAR
Q6KC79,GLOBULAR
Q9SJU5,GLOBULAR
P40506,GLOBULAR
Q8RWN5,GLOBULAR
P36408,GLOBULAR
Q9BT81,GLOBULAR
G3KIM7,GLOBULAR
Q15327,GLOBULAR
P05738,GLOBULAR
Q9HE09,GLOBULAR
Q12172,GLOBULAR
Q5FW52,GLOBULAR
O64642,GLOBULAR
P0C2C4,GLOBULAR
P05527,GLOBULAR
P27683,GLOBULAR
P53804,GLOBULAR
B2GUZ5,GLOBULAR
Q9HEQ9,GLOBULAR
P53166,GLOBULAR
O75151,GLOBULAR
Q8QFR4,GLOBULAR
Q8WW12,GLOBULAR
P0C5Y7,GLOBULAR
P46863,GLOBULAR
Q91V10,GLOBULAR
Q03771,GLOBULAR
Q8GYY1,GLOBULAR
Q9H2W6,GLOBULAR
O94733,GLOBULAR
Q9C7G0,GLOBULAR
Q9FFH1,GLOBULAR
Q99622,GLOBULAR
Q9M065,GLOBULAR
Q8R0P4,GLOBULAR
Q9SSA5,GLOBULAR
P09938,GLOBULAR
O74889,GLOBULAR
P21827,GLOBULAR
P32569,GLOBULAR
O01352,GLOBULAR
Q9JJW5,GLOBULAR
Q84P17,GLOBULAR
Q9LFA2,GLOBULAR
Q93ZN9,GLOBULAR
P52554,GLOBULAR
Q9TW45,GLOBULAR
P87239,GLOBULAR
Q9VYY9,GLOBULAR
Q9Y2X9,GLOBULAR
P20108,GLOBULAR
Q12461,GLOBULAR
P87377,GLOBULAR
G5EEM5,GLOBULAR
Q69IL4,GLOBULAR
D0QMC3,GLOBULAR
P36527,GLOBULAR
Q5XPI4,GLOBULAR
O60055,GLOBULAR
Q96I76,GLOBULAR
P56765,GLOBULAR
Q96C36,GLOBULAR
D4GW40,GLOBULAR
P0ABF1,GLOBULAR
Q12288,GLOBULAR
Q9P797,GLOBULAR
P08151,GLOBULAR
O74769,GLOBULAR
Q922Q1,GLOBULAR
G5EGK6,GLOBULAR
Q5ZR76,GLOBULAR
Q2V3L3,GLOBULAR
Q2V2Q1,GLOBULAR
P53114,GLOBULAR
Q9VEC1,GLOBULAR
P70278,GLOBULAR
P49957,GLOBULAR
G5ECG0,GLOBULAR
Q96M11,GLOBULAR
Q9NVV9,GLOBULAR
P42937,GLOBULAR
Q9Y4F3,GLOBULAR
O59793,GLOBULAR
P82413,GLOBULAR
Q21209,GLOBULAR
Q9UIF7,GLOBULAR
Q10426,GLOBULAR
Q99661,GLOBULAR
Q14676,GLOBULAR
Q9NX04,GLOBULAR
O23210,GLOBULAR
P40166,GLOBULAR
K4D422,GLOBULAR
A6NFN3,GLOBULAR
Q9C5W0,GLOBULAR
Q05775,GLOBULAR
Q24JJ9,GLOBULAR
Q8CDP0,GLOBULAR
P40917,GLOBULAR
Q8BUB4,GLOBULAR
Q99MV1,GLOBULAR
Q13285,GLOBULAR
O14182,GLOBULAR
Q5T2S8,GLOBULAR
Q9SYD8,GLOBULAR
P53718,GLOBULAR
Q5T653,GLOBULAR
Q9P7Z9,GLOBULAR
Q14997,GLOBULAR
Q2TBA0,GLOBULAR
Q8L7K9,GLOBULAR
O30511,GLOBULAR
P38769,GLOBULAR
O34889,GLOBULAR
Q8W104,GLOBULAR
P55163,GLOBULAR
P20271,GLOBULAR
O76902,GLOBULAR
F4IF99,GLOBULAR
Q9U3V9,GLOBULAR
Q9NQB0,GLOBULAR
Q02931,GLOBULAR
Q9BXL8,GLOBULAR
Q8R5K4,GLOBULAR
Q09776,GLOBULAR
O14015,GLOBULAR
Q24145,GLOBULAR
Q8RWV3,GLOBULAR
Q09693,GLOBULAR
Q7G7J6,GLOBULAR
A9YTQ3,GLOBULAR
D5LXJ0,GLOBULAR
Q9NUQ9,GLOBULAR
Q9C8J7,GLOBULAR
D3ZUQ0,GLOBULAR
Q9ZWA6,GLOBULAR
Q96MF7,GLOBULAR
Q10137,GLOBULAR
Q8TEC5,GLOBULAR
O43572,GLOBULAR
Q91YI4,GLOBULAR
Q8N668,GLOBULAR
Q01163,GLOBULAR
Q9UUI3,GLOBULAR
Q54WR4,GLOBULAR
P38749,GLOBULAR
Q8KES3,GLOBULAR
Q9M8D3,GLOBULAR
P36162,GLOBULAR
Q12161,GLOBULAR
P39721,GLOBULAR
Q96IJ6,GLOBULAR
Q9SZ63,GLOBULAR
Q9SUQ2,GLOBULAR
Q9ZVU5,GLOBULAR
O88811,GLOBULAR
Q6AXT7,GLOBULAR
Q9ZQZ6,GLOBULAR
Q96RL1,GLOBULAR
P23369,GLOBULAR
Q9LSI7,GLOBULAR
Q9VK33,GLOBULAR
Q9USH2,GLOBULAR
Q86Y26,GLOBULAR
O94406,GLOBULAR
O75935,GLOBULAR
Q9R002,GLOBULAR
Q8TDY2,GLOBULAR
Q6IUP1,GLOBULAR
Q12363,GLOBULAR
Q8N427,GLOBULAR
O34787,GLOBULAR
Q8QGU6,GLOBULAR
Q27365,GLOBULAR
Q9P790,GLOBULAR
Q8LAP6,GLOBULAR
Q9P5M9,GLOBULAR
Q9D489,GLOBULAR
O74324,GLOBULAR
O14183,GLOBULAR
Q96Q15,GLOBULAR
Q9BZJ0,GLOBULAR
Q96G75,GLOBULAR
Q95748,GLOBULAR
Q8K3Q3,GLOBULAR
P0ABS1,GLOBULAR
Q96AP4,GLOBULAR
P96692,GLOBULAR
Q14CZ7,GLOBULAR
P57071,GLOBULAR
Q02873,GLOBULAR
Q18412,GLOBULAR
O59760,GLOBULAR
O62305,GLOBULAR
P0C050,GLOBULAR
O82357,GLOBULAR
O01510,GLOBULAR
Q2M3C7,GLOBULAR
O75937,GLOBULAR
P46604,GLOBULAR
Q8WQL7,GLOBULAR
Q12447,GLOBULAR
Q08561,GLOBULAR
Q9UTK9,GLOBULAR
P46561,GLOBULAR
F2JXJ2,GLOBULAR
Q5HYI7,GLOBULAR
Q2M2Z5,GLOBULAR
Q6Q5K6,GLOBULAR
P52739,GLOBULAR
Q22663,GLOBULAR
Q564K3,GLOBULAR
Q6ZRQ5,GLOBULAR
O60318,GLOBULAR
E1BSW7,GLOBULAR
Q12125,GLOBULAR
Q9HD33,GLOBULAR
H6D7E6,GLOBULAR
O61661,GLOBULAR
P37466,GLOBULAR
Q9C0Y8,GLOBULAR
Q3E785,GLOBULAR
Q8VCQ3,GLOBULAR
O54975,GLOBULAR
Q06506,GLOBULAR
O31749,GLOBULAR
P70060,GLOBULAR
O94451,GLOBULAR
P39549,GLOBULAR
Q9C469,GLOBULAR
Q9ERQ3,GLOBULAR
Q9USQ2,GLOBULAR
P54886,GLOBULAR
P29352,GLOBULAR
O94953,GLOBULAR
Q9BVS4,GLOBULAR
H2L099,GLOBULAR
Q8NEY8,GLOBULAR
Q06349,GLOBULAR
Q84W65,GLOBULAR
O35387,GLOBULAR
P36022,GLOBULAR
Q12751,GLOBULAR
P26452,GLOBULAR
P53881,GLOBULAR
Q06411,GLOBULAR
P09001,GLOBULAR
P12687,GLOBULAR
Q1MTR2,GLOBULAR
Q8VZQ2,GLOBULAR
Q10214,GLOBULAR
Q9NAN2,GLOBULAR
O13905,GLOBULAR
Q23973,GLOBULAR
C7AJA4,GLOBULAR
P40518,GLOBULAR
Q8W4D0,GLOBULAR
G5ED29,GLOBULAR
Q9BRJ2,GLOBULAR
O14179,GLOBULAR
Q9NRG9,GLOBULAR
Q9XJ36,GLOBULAR
Q8S3N1,GLOBULAR
P56945,GLOBULAR
P25696,GLOBULAR
B2D6M2,GLOBULAR
Q8NG66,GLOBULAR
O00443,GLOBULAR
Q7KHG2,GLOBULAR
Q02732,GLOBULAR
P50582,GLOBULAR
P40032,GLOBULAR
Q96T58,GLOBULAR
Q9Z2P4,GLOBULAR
O82312,GLOBULAR
Q920Q8,GLOBULAR
Q8L7F7,GLOBULAR
Q8NEJ9,GLOBULAR
Q09792,GLOBULAR
Q66HP6,GLOBULAR
Q05516,GLOBULAR
O15381,GLOBULAR
Q95PA1,GLOBULAR
G5ECT8,GLOBULAR
Q967U1,GLOBULAR
E7FHP1,GLOBULAR
O70200,GLOBULAR
Q8K1Q4,GLOBULAR
Q9LTB0,GLOBULAR
P55265,GLOBULAR
Q9H0R1,GLOBULAR
Q9XGP7,GLOBULAR
Q653T6,GLOBULAR
Q86WI3,GLOBULAR
P39993,GLOBULAR
Q10655,GLOBULAR
Q09728,GLOBULAR
A1Z7Z9,GLOBULAR
Q8TE85,GLOBULAR
P53874,GLOBULAR
P42842,GLOBULAR
Q09704,GLOBULAR
Q04341,GLOBULAR
Q8L9A0,GLOBULAR
Q8TCS8,GLOBULAR
P38786,GLOBULAR
B6EU02,GLOBULAR
Q8R570,GLOBULAR
Q7KVS9,GLOBULAR
Q99JY3,GLOBULAR
O88286,GLOBULAR
P51834,GLOBULAR
P34560,GLOBULAR
Q9XE58,GLOBULAR
O94598,GLOBULAR
P00127,GLOBULAR
O34484,GLOBULAR
Q8N5C7,GLOBULAR
A0A0K3AUE4,GLOBULAR
Q8N9B5,GLOBULAR
Q9XXH8,GLOBULAR
C8VTV4,GLOBULAR
Q9R059,GLOBULAR
Q107X0,GLOBULAR
Q9SD40,GLOBULAR
P32442,GLOBULAR
Q9WU70,GLOBULAR
O17670,GLOBULAR
Q8BKA3,GLOBULAR
Q8H3A7,GLOBULAR
P53725,GLOBULAR
P35195,GLOBULAR
A8K830,GLOBULAR
O94462,GLOBULAR
F4I2J8,GLOBULAR
Q9Y7V2,GLOBULAR
Q8L7U4,GLOBULAR
O14032,GLOBULAR
Q6NPN9,GLOBULAR
Q9P7H5,GLOBULAR
O74779,GLOBULAR
P55789,GLOBULAR
O35250,GLOBULAR
Q8VC66,GLOBULAR
Q9STS7,GLOBULAR
Q0WMY5,GLOBULAR
Q24523,GLOBULAR
Q3UWR2,GLOBULAR
Q1W6H9,GLOBULAR
P38282,GLOBULAR
A1Z8P9,GLOBULAR
O59716,GLOBULAR
Q00196,GLOBULAR
F4JY37,GLOBULAR
P38285,GLOBULAR
Q8L983,GLOBULAR
Q99278,GLOBULAR
P51813,GLOBULAR
Q9NVW2,GLOBULAR
Q9P785,GLOBULAR
P40202,GLOBULAR
Q8L999,GLOBULAR
Q08AG7,GLOBULAR
Q03036,GLOBULAR
O94387,GLOBULAR
Q9VA00,GLOBULAR
P83876,GLOBULAR
Q9FEB5,GLOBULAR
Q8S3U9,GLOBULAR
Q9W0S8,GLOBULAR
P49739,GLOBULAR
Q8TB24,GLOBULAR
P87241,GLOBULAR
Q99593,GLOBULAR
P0DL09,GLOBULAR
Q8BUV3,GLOBULAR
Q9SQK3,GLOBULAR
P31688,GLOBULAR
O60171,GLOBULAR
P30657,GLOBULAR
P79051,GLOBULAR
Q562C9,GLOBULAR
Q12188,GLOBULAR
Q8VWG4,GLOBULAR
Q8W4J8,GLOBULAR
P13266,GLOBULAR
Q62414,GLOBULAR
Q9LU68,GLOBULAR
Q9NV88,GLOBULAR
F4JN26,GLOBULAR
O94481,GLOBULAR
O74558,GLOBULAR
A1ZAY1,GLOBULAR
O74964,GLOBULAR
P82916,GLOBULAR
Q9S7Q2,GLOBULAR
P62318,GLOBULAR
O04479,GLOBULAR
P38237,GLOBULAR
Q9C503,GLOBULAR
O74792,GLOBULAR
O69231,GLOBULAR
O94252,GLOBULAR
B6VQA1,GLOBULAR
Q6K498,GLOBULAR
Q9VDW6,GLOBULAR
Q80TM9,GLOBULAR
Q01292,GLOBULAR
P08821,GLOBULAR
Q99967,GLOBULAR
Q3KNY0,GLOBULAR
Q9LTX3,GLOBULAR
P07891,GLOBULAR
Q32M00,GLOBULAR
Q27GK7,GLOBULAR
Q9C002,GLOBULAR
P53043,GLOBULAR
Q8L743,GLOBULAR
P38720,GLOBULAR
Q8N1G1,GLOBULAR
P16658,GLOBULAR
Q00278,GLOBULAR
Q9UBS8,GLOBULAR
V9M2S5,GLOBULAR
I0IUP4,GLOBULAR
Q9ESN6,GLOBULAR
Q8K4G5,GLOBULAR
P32769,GLOBULAR
P48810,GLOBULAR
O34689,GLOBULAR
Q14CW9,GLOBULAR
Q19203,GLOBULAR
Q9US15,GLOBULAR
Q61471,GLOBULAR
Q9VAF7,GLOBULAR
Q9BWC9,GLOBULAR
Q3UMU9,GLOBULAR
Q9M276,GLOBULAR
Q9GN62,GLOBULAR
Q13127,GLOBULAR
Q04411,GLOBULAR
Q8WVT3,GLOBULAR
Q02775,GLOBULAR
Q9LTW4,GLOBULAR
Q8L785,GLOBULAR
Q8BND3,GLOBULAR
A6NHX0,GLOBULAR
Q6EPW7,GLOBULAR
Q8VYD2,GLOBULAR
Q04093,GLOBULAR
O59792,GLOBULAR
Q6DFW0,GLOBULAR
P87074,GLOBULAR
Q8IS21,GLOBULAR
Q9FQ03,GLOBULAR
F4K410,GLOBULAR
Q7Z4H7,GLOBULAR
Q8SYK5,GLOBULAR
Q14315,GLOBULAR
Q9ZVC9,GLOBULAR
O94560,GLOBULAR
Q71A39,GLOBULAR
P0CX34,GLOBULAR
P56192,GLOBULAR
Q9FKB3,GLOBULAR
Q84K52,GLOBULAR
P39517,GLOBULAR
A0A120KVR5,GLOBULAR
Q8N0S6,GLOBULAR
Q9Z2V5,GLOBULAR
P47924,GLOBULAR
Q8VXQ2,GLOBULAR
Q9UK73,GLOBULAR
Q9NZB2,GLOBULAR
Q03615,GLOBULAR
P25355,GLOBULAR
Q9Y2M2,GLOBULAR
O82399,GLOBULAR
B9DFA8,GLOBULAR
G5EEK3,GLOBULAR
Q08168,GLOBULAR
Q7M3S9,GLOBULAR
Q04659,GLOBULAR
P53115,GLOBULAR
O17894,GLOBULAR
O13713,GLOBULAR
P60841,GLOBULAR
Q9R257,GLOBULAR
Q3E7C1,GLOBULAR
P49116,GLOBULAR
Q8L6J3,GLOBULAR
Q9FLT2,GLOBULAR
Q04922,GLOBULAR
O59811,GLOBULAR
Q283Q6,GLOBULAR
Q6IQX8,GLOBULAR
Q68CK6,GLOBULAR
P36626,GLOBULAR
Q9BRD0,GLOBULAR
O14370,GLOBULAR
P50542,GLOBULAR
Q9SRV1,GLOBULAR
Q13112,GLOBULAR
Q8TAX9,GLOBULAR
Q03375,GLOBULAR
P37655,GLOBULAR
Q12511,GLOBULAR
Q54735,GLOBULAR
Q76PD2,GLOBULAR
P46974,GLOBULAR
O80839,GLOBULAR
Q6L545,GLOBULAR
Q9UPS6,GLOBULAR
Q0JBF0,GLOBULAR
Q9C8M2,GLOBULAR
A2XFC1,GLOBULAR
Q06408,GLOBULAR
Q9XGM3,GLOBULAR
Q8T626,GLOBULAR
Q9SY66,GLOBULAR
P14678,GLOBULAR
P19541,GLOBULAR
Q1DB04,GLOBULAR
Q04598,GLOBULAR
P38998,GLOBULAR
Q8VI84,GLOBULAR
Q86YS7,GLOBULAR
P40923,GLOBULAR
Q96H55,GLOBULAR
Q96JC9,GLOBULAR
Q7TNS8,GLOBULAR
P82162,GLOBULAR
P97479,GLOBULAR
P36102,GLOBULAR
P0CL69,GLOBULAR
Q9UU88,GLOBULAR
P20821,GLOBULAR
Q9LEY4,GLOBULAR
P53010,GLOBULAR
O14328,GLOBULAR
P47027,GLOBULAR
P33599,GLOBULAR
P93740,GLOBULAR
Q01613,GLOBULAR
Q15006,GLOBULAR
Q18919,GLOBULAR
Q86UW9,GLOBULAR
E9Q6W4,GLOBULAR
P40070,GLOBULAR
P40963,GLOBULAR
Q96JN0,GLOBULAR
P36520,GLOBULAR
Q9SIW2,GLOBULAR
Q9VIP8,GLOBULAR
Q8NHV4,GLOBULAR
Q9BVI0,GLOBULAR
O43012,GLOBULAR
Q7TMY8,GLOBULAR
B0XTT5,GLOBULAR
Q9UBX2,GLOBULAR
Q9CAQ8,GLOBULAR
Q13888,GLOBULAR
Q0E908,GLOBULAR
Q6NWY9,GLOBULAR
F4JRB0,GLOBULAR
Q13137,GLOBULAR
Q13115,GLOBULAR
P43364,GLOBULAR
O22131,GLOBULAR
Q64514,GLOBULAR
Q9H2D6,GLOBULAR
Q04195,GLOBULAR
Q8N1Q8,GLOBULAR
D3ZSC8,GLOBULAR
Q91898,GLOBULAR
Q32NU8,GLOBULAR
Q94FY8,GLOBULAR
Q07845,GLOBULAR
Q9P2K6,GLOBULAR
A0A8M2,GLOBULAR
Q9EPI8,GLOBULAR
O14348,GLOBULAR
O82132,GLOBULAR
Q9USH6,GLOBULAR
P35996,GLOBULAR
Q9CA59,GLOBULAR
Q9VMD6,GLOBULAR
O94338,GLOBULAR
C6Y4C9,GLOBULAR
O13629,GLOBULAR
Q4WF55,GLOBULAR
O43283,GLOBULAR
Q8LGD5,GLOBULAR
Q53TQ3,GLOBULAR
Q2TBR2,GLOBULAR
Q8IY22,GLOBULAR
Q64559,GLOBULAR
Q21360,GLOBULAR
P09595,GLOBULAR
Q9Y4Z0,GLOBULAR
P53207,GLOBULAR
Q9V6Q2,GLOBULAR
Q9Z2N6,GLOBULAR
P07259,GLOBULAR
P49903,GLOBULAR
Q41932,GLOBULAR
Q6LA53,GLOBULAR
Q9BQ95,GLOBULAR
O94427,GLOBULAR
Q9HE05,GLOBULAR
B7XDF1,GLOBULAR
Q80VR2,GLOBULAR
Q9UTL9,GLOBULAR
Q9BWJ5,GLOBULAR
Q9ST69,GLOBULAR
P36097,GLOBULAR
Q8BIQ5,GLOBULAR
Q9HE76,GLOBULAR
O23247,GLOBULAR
P53869,GLOBULAR
P49686,GLOBULAR
Q00566,GLOBULAR
Q9FNK4,GLOBULAR
Q9WVS4,GLOBULAR
Q9ULC3,GLOBULAR
O94652,GLOBULAR
Q94AU9,GLOBULAR
P32899,GLOBULAR
Q9LES2,GLOBULAR
P39939,GLOBULAR
H2L008,GLOBULAR
O94590,GLOBULAR
Q06525,GLOBULAR
Q9UNH7,GLOBULAR
O94398,GLOBULAR
Q56575,GLOBULAR
Q9BSW2,GLOBULAR
Q9LVD0,GLOBULAR
Q550F6,GLOBULAR
O60308,GLOBULAR
Q9SGZ8,GLOBULAR
Q9BXU7,GLOBULAR
Q12420,GLOBULAR
Q9S713,GLOBULAR
O74356,GLOBULAR
Q09726,GLOBULAR
P38777,GLOBULAR
Q9FLL1,GLOBULAR
O13936,GLOBULAR
Q9UBE0,GLOBULAR
Q4FZF2,GLOBULAR
Q1JQ73,GLOBULAR
Q9NRX1,GLOBULAR
O14135,GLOBULAR
O94388,GLOBULAR
Q9Y6I4,GLOBULAR
Q9SMH5,GLOBULAR
O74545,GLOBULAR
Q2Z1W2,GLOBULAR
P55081,GLOBULAR
Q03799,GLOBULAR
Q5XKL5,GLOBULAR
Q12017,GLOBULAR
Q04728,GLOBULAR
P06700,GLOBULAR
Q97WX4,GLOBULAR
O13802,GLOBULAR
Q9P0W8,GLOBULAR
Q9UTH3,GLOBULAR
P28804,GLOBULAR
Q8TCJ0,GLOBULAR
P05743,GLOBULAR
A9ZSZ2,GLOBULAR
Q9Y6K9,GLOBULAR
Q07623,GLOBULAR
Q9HDZ6,GLOBULAR
Q8TF46,GLOBULAR
Q9US28,GLOBULAR
P53101,GLOBULAR
Q9LVC3,GLOBULAR
Q09601,GLOBULAR
O15027,GLOBULAR
P40099,GLOBULAR
Q9URX9,GLOBULAR
P47068,GLOBULAR
Q9C5S1,GLOBULAR
P28340,GLOBULAR
P40564,GLOBULAR
Q9P7S6,GLOBULAR
Q9PTD5,GLOBULAR
Q2LAE1,GLOBULAR
Q9CAF5,GLOBULAR
Q13432,GLOBULAR
Q09697,GLOBULAR
Q9UU87,GLOBULAR
G5EFF5,GLOBULAR
Q06568,GLOBULAR
Q9UTR8,GLOBULAR
Q9Y7Y5,GLOBULAR
Q03989,GLOBULAR
Q96GX5,GLOBULAR
O60921,GLOBULAR
P40847,GLOBULAR
Q9DBG9,GLOBULAR
Q9Y2B4,GLOBULAR
Q3SZX9,GLOBULAR
O75112,GLOBULAR
Q21446,GLOBULAR
Q9RY51,GLOBULAR
Q8TAF3,GLOBULAR
Q9VIV2,GLOBULAR
Q96EK4,GLOBULAR
P49796,GLOBULAR
Q9HGQ0,GLOBULAR
D4A770,GLOBULAR
Q8K459,GLOBULAR
Q84VZ1,GLOBULAR
Q9Y6J8,GLOBULAR
Q8IW19,GLOBULAR
Q02794,GLOBULAR
L7N1X6,GLOBULAR
Q3UIK4,GLOBULAR
Q9LZD3,GLOBULAR
Q9H981,GLOBULAR
Q9Y530,GLOBULAR
P47015,GLOBULAR
Q42029,GLOBULAR
Q9Y0V2,GLOBULAR
O13982,GLOBULAR
Q9LUJ3,GLOBULAR
O73622,GLOBULAR
P93045,GLOBULAR
O94762,GLOBULAR
P51023,GLOBULAR
O15226,GLOBULAR
Q9VA38,GLOBULAR
O54943,GLOBULAR
Q94BQ3,GLOBULAR
F4IS91,GLOBULAR
P27692,GLOBULAR
Q9VC56,GLOBULAR
Q9LUI2,GLOBULAR
Q1H537,GLOBULAR
Q69ZM6,GLOBULAR
Q3E841,GLOBULAR
Q9MA15,GLOBULAR
Q9C1W6,GLOBULAR
Q94CV1,GLOBULAR
Q9YHZ6,GLOBULAR
Q5T7B8,GLOBULAR
Q6NQ99,GLOBULAR
Q07979,GLOBULAR
P38781,GLOBULAR
Q9V3J4,GLOBULAR
Q8IYB8,GLOBULAR
Q0CRX8,GLOBULAR
P54098,GLOBULAR
Q9W2H9,GLOBULAR
Q15040,GLOBULAR
Q9HDX7,GLOBULAR
Q9N4U5,GLOBULAR
Q0G838,GLOBULAR
Q5XKR4,GLOBULAR
Q08231,GLOBULAR
Q9FX53,GLOBULAR
P13864,GLOBULAR
P42845,GLOBULAR
Q9Y7B1,GLOBULAR
Q9LHF5,GLOBULAR
Q9C000,GLOBULAR
Q8CJ67,GLOBULAR
F4IXE7,GLOBULAR
Q8L3W1,GLOBULAR
Q8NFH5,GLOBULAR
Q94ID3,GLOBULAR
Q80WS1,GLOBULAR
P48381,GLOBULAR
Q4KMP7,GLOBULAR
Q8BG18,GLOBULAR
Q9ZVC2,GLOBULAR
P32644,GLOBULAR
Q86TB9,GLOBULAR
Q9UT87,GLOBULAR
A0A140LI88,GLOBULAR
Q9LI74,GLOBULAR
Q0E3C8,GLOBULAR
O13650,GLOBULAR
Q9ESL4,GLOBULAR
P82918,GLOBULAR
P80702,GLOBULAR
Q9FGT8,GLOBULAR
Q9VWW0,GLOBULAR
O75688,GLOBULAR
Q9P7B5,GLOBULAR
O60158,GLOBULAR
P47050,GLOBULAR
O14455,GLOBULAR
O74531,GLOBULAR
O14727,GLOBULAR
Q9H161,GLOBULAR
P53937,GLOBULAR
Q9FGS0,GLOBULAR
O36023,GLOBULAR
O08560,GLOBULAR
O42890,GLOBULAR
Q9SGA2,GLOBULAR
Q10124,GLOBULAR
Q4VC33,GLOBULAR
Q9BXL7,GLOBULAR
Q9SM43,GLOBULAR
Q9C0J8,GLOBULAR
O94724,GLOBULAR
O42924,GLOBULAR
Q8NBZ0,GLOBULAR
Q9BXW9,GLOBULAR
Q96JB8,GLOBULAR
Q9UUE0,GLOBULAR
Q3SY69,GLOBULAR
Q8WXX0,GLOBULAR
O06925,GLOBULAR
Q8CFC9,GLOBULAR
Q91836,GLOBULAR
Q9HGN5,GLOBULAR
Q9STG9,GLOBULAR
E5RQA1,GLOBULAR
Q8GWE6,GLOBULAR
P54475,GLOBULAR
Q9M374,GLOBULAR
P39724,GLOBULAR
Q9UI36,GLOBULAR
O75190,GLOBULAR
Q9W0M7,GLOBULAR
O22210,GLOBULAR
Q94F30,GLOBULAR
Q9U1K1,GLOBULAR
Q06139,GLOBULAR
P41805,GLOBULAR
P51532,GLOBULAR
O43913,GLOBULAR
Q9I869,GLOBULAR
P32340,GLOBULAR
O95433,GLOBULAR
Q94JU3,GLOBULAR
Q18221,GLOBULAR
A5TZU0,GLOBULAR
Q21067,GLOBULAR
Q93356,GLOBULAR
C8VSZ2,GLOBULAR
Q9H7E2,GLOBULAR
P82804,GLOBULAR
P40530,GLOBULAR
P36659,GLOBULAR
O74896,GLOBULAR
O14730,GLOBULAR
O42849,GLOBULAR
Q9QZE5,GLOBULAR
Q3UZ18,GLOBULAR
Q97WX5,GLOBULAR
Q8L5R3,GLOBULAR
O94242,GLOBULAR
Q3HNG7,GLOBULAR
Q9FMB4,GLOBULAR
Q9C928,GLOBULAR
Q8IFW4,GLOBULAR
Q5JVL4,GLOBULAR
Q9LXX5,GLOBULAR
P33280,GLOBULAR
Q384Y0,GLOBULAR
Q9VV73,GLOBULAR
P38852,GLOBULAR
Q17784,GLOBULAR
Q99L88,GLOBULAR
P0A7X6,GLOBULAR
O60058,GLOBULAR
P34247,GLOBULAR
P38172,GLOBULAR
Q96EF0,GLOBULAR
Q9SZN7,GLOBULAR
Q9Y7R7,GLOBULAR
Q9LEB4,GLOBULAR
Q9HGL2,GLOBULAR
Q15061,GLOBULAR
P15705,GLOBULAR
O21043,GLOBULAR
A6NJ78,GLOBULAR
O48533,GLOBULAR
P50106,GLOBULAR
Q97WX2,GLOBULAR
P40326,GLOBULAR
Q9S426,GLOBULAR
F6YCR7,GLOBULAR
Q09888,GLOBULAR
Q07540,GLOBULAR
P36597,GLOBULAR
Q9LZ56,GLOBULAR
Q19640,GLOBULAR
Q12524,GLOBULAR
Q9C5Q8,GLOBULAR
P40547,GLOBULAR
P53032,GLOBULAR
Q18240,GLOBULAR
Q9HDV6,GLOBULAR
Q6S000,GLOBULAR
Q22053,GLOBULAR
Q9P6I6,GLOBULAR
P53170,GLOBULAR
Q12393,GLOBULAR
Q96QU8,GLOBULAR
P05837,GLOBULAR
A5W4E3,GLOBULAR
Q8H0W0,GLOBULAR
P82281,GLOBULAR
Q6RI63,GLOBULAR
D0VYS2,GLOBULAR
Q8N8W4,GLOBULAR
Q9NEZ5,GLOBULAR
Q9NP86,GLOBULAR
Q7M6Y6,GLOBULAR
Q84RK2,GLOBULAR
Q50EK2,GLOBULAR
Q8L7U5,GLOBULAR
P84634,GLOBULAR
Q6NQ54,GLOBULAR
Q5FBB7,GLOBULAR
P38860,GLOBULAR
O75920,GLOBULAR
O94477,GLOBULAR
Q0JFZ0,GLOBULAR
Q8LF89,GLOBULAR
B6VQ60,GLOBULAR
Q9HGP4,GLOBULAR
F4I700,GLOBULAR
P33441,GLOBULAR
P08458,GLOBULAR
Q8IYX7,GLOBULAR
Q9UTG6,GLOBULAR
Q13620,GLOBULAR
Q42605,GLOBULAR
P11596,GLOBULAR
Q3ULA2,GLOBULAR
Q9NW75,GLOBULAR
Q03761,GLOBULAR
Q10146,GLOBULAR
P33400,GLOBULAR
Q8WVJ2,GLOBULAR
Q9SRX9,GLOBULAR
Q03188,GLOBULAR
O94986,GLOBULAR
P38313,GLOBULAR
P97852,GLOBULAR
Q969F9,GLOBULAR
Q08119,GLOBULAR
Q12429,GLOBULAR
Q9SIV5,GLOBULAR
P40188,GLOBULAR
Q9URY7,GLOBULAR
O60306,GLOBULAR
P32347,GLOBULAR
A0A5K7RLP0,GLOBULAR
Q9R1S0,GLOBULAR
F4KFB3,GLOBULAR
P87141,GLOBULAR
Q9P7M9,GLOBULAR
Q91VR5,GLOBULAR
H6LGM8,GLOBULAR
Q9HE02,GLOBULAR
Q9ULA0,GLOBULAR
Q16594,GLOBULAR
Q01484,GLOBULAR
Q16630,GLOBULAR
O59834,GLOBULAR
B0R9Z1,GLOBULAR
O14253,GLOBULAR
Q9MAM1,GLOBULAR
Q69VD5,GLOBULAR
Q9LIQ6,GLOBULAR
Q04601,GLOBULAR
G5ED41,GLOBULAR
Q8TD08,GLOBULAR
Q15459,GLOBULAR
P70396,GLOBULAR
P62701,GLOBULAR
P53277,GLOBULAR
Q10328,GLOBULAR
P09038,GLOBULAR
P48612,GLOBULAR
Q12504,GLOBULAR
P39677,GLOBULAR
O94368,GLOBULAR
P17558,GLOBULAR
Q14722,GLOBULAR
Q7XYY2,GLOBULAR
O17907,GLOBULAR
P38126,GLOBULAR
Q9Y2K1,GLOBULAR
Q9SNB7,GLOBULAR
Q99828,GLOBULAR
Q96FC9,GLOBULAR
Q05892,GLOBULAR
Q94BR4,GLOBULAR
Q7KRY6,GLOBULAR
Q2MJS2,GLOBULAR
Q9BZL1,GLOBULAR
Q12453,GLOBULAR
A1XBS5,GLOBULAR
Q96KQ4,GLOBULAR
Q9Y2S7,GLOBULAR
P14605,GLOBULAR
O42844,GLOBULAR
Q8VY09,GLOBULAR
Q8GXR9,GLOBULAR
O60062,GLOBULAR
C4P6S0,GLOBULAR
Q9M0Y9,GLOBULAR
Q16629,GLOBULAR
P53332,GLOBULAR
Q12493,GLOBULAR
Q9Z1R2,GLOBULAR
P28000,GLOBULAR
P15999,GLOBULAR
P38882,GLOBULAR
O70576,GLOBULAR
P30776,GLOBULAR
P39023,GLOBULAR
Q9D4W2,GLOBULAR
Q9NRD1,GLOBULAR
Q5VWP2,GLOBULAR
P53313,GLOBULAR
Q9VNA8,GLOBULAR
Q12701,GLOBULAR
Q9USL6,GLOBULAR
P0CT04,GLOBULAR
Q07053,GLOBULAR
P49021,GLOBULAR
Q08963,GLOBULAR
Q9P6I9,GLOBULAR
Q86W50,GLOBULAR
Q07970,GLOBULAR
Q0MW30,GLOBULAR
Q7LL04,GLOBULAR
O08785,GLOBULAR
Q9ER97,GLOBULAR
Q8WQ86,GLOBULAR
Q99177,GLOBULAR
O95391,GLOBULAR
O95926,GLOBULAR
Q9LS90,GLOBULAR
P36534,GLOBULAR
Q06137,GLOBULAR
Q9LQ02,GLOBULAR
Q9SCL7,GLOBULAR
O17072,GLOBULAR
Q05084,GLOBULAR
Q9C110,GLOBULAR
Q9LEV3,GLOBULAR
Q8IXQ9,GLOBULAR
O81242,GLOBULAR
Q9DAM1,GLOBULAR
Q9Y6X3,GLOBULAR
P89886,GLOBULAR
P10085,GLOBULAR
B2D6P4,GLOBULAR
Q68DK2,GLOBULAR
B1B534,GLOBULAR
O60166,GLOBULAR
Q9H9E3,GLOBULAR
Q03533,GLOBULAR
Q9UUG2,GLOBULAR
Q92681,GLOBULAR
P48437,GLOBULAR
O08586,GLOBULAR
Q27294,GLOBULAR
Q08822,GLOBULAR
Q08278,GLOBULAR
Q9FQ09,GLOBULAR
Q8WUX9,GLOBULAR
Q8RWV8,GLOBULAR
P0C2H6,GLOBULAR
P87112,GLOBULAR
O94443,GLOBULAR
O14141,GLOBULAR
Q9XF57,GLOBULAR
Q2L4W6,GLOBULAR
Q9W3M3,GLOBULAR
Q04868,GLOBULAR
Q96QD9,GLOBULAR
Q03941,GLOBULAR
Q76LL6,GLOBULAR
A4Q9F0,GLOBULAR
Q9UUA1,GLOBULAR
P50579,GLOBULAR
Q12298,GLOBULAR
Q13342,GLOBULAR
P58557,GLOBULAR
Q54GH3,GLOBULAR
Q14153,GLOBULAR
Q9R1C0,GLOBULAR
Q86UD0,GLOBULAR
Q9ULT0,GLOBULAR
Q8BGW8,GLOBULAR
Q9NHD5,GLOBULAR
O01789,GLOBULAR
R4ZGN4,GLOBULAR
Q9VM91,GLOBULAR
P33308,GLOBULAR
P21826,GLOBULAR
Q9BZV1,GLOBULAR
O74454,GLOBULAR
Q7Z995,GLOBULAR
P38439,GLOBULAR
Q1PFN9,GLOBULAR
Q13029,GLOBULAR
B7FAS6,GLOBULAR
Q8LKS5,GLOBULAR
Q96PP9,GLOBULAR
Q6K881,GLOBULAR
Q06244,GLOBULAR
Q9D2Y4,GLOBULAR
Q9QZ59,GLOBULAR
Q9Z2D7,GLOBULAR
Q9P7W4,GLOBULAR
P15650,GLOBULAR
O14034,GLOBULAR
O94644,GLOBULAR
O04682,GLOBULAR
Q1RNF8,GLOBULAR
Q9Y7L4,GLOBULAR
A0A1P8ASY1,GLOBULAR
Q8CFH6,GLOBULAR
Q9ZUZ6,GLOBULAR
P0C2B6,GLOBULAR
P27882,GLOBULAR
Q19131,GLOBULAR
Q9SLB9,GLOBULAR
P34077,GLOBULAR
Q9UUF3,GLOBULAR
M1V4Y8,GLOBULAR
Q8BX57,GLOBULAR
F1LM93,GLOBULAR
Q04007,GLOBULAR
Q9C106,GLOBULAR
Q03954,GLOBULAR
Q24307,GLOBULAR
O49782,GLOBULAR
Q8NC51,GLOBULAR
O13715,GLOBULAR
O74461,GLOBULAR
P07305,GLOBULAR
O14343,GLOBULAR
Q56973,GLOBULAR
O14259,GLOBULAR
Q5T0W9,GLOBULAR
P17695,GLOBULAR
Q9P7T0,GLOBULAR
P92189,GLOBULAR
P48237,GLOBULAR
Q5AHB1,GLOBULAR
F4J117,GLOBULAR
F4JCB2,GLOBULAR
P50222,GLOBULAR
Q94AA4,GLOBULAR
P53927,GLOBULAR
Q10317,GLOBULAR
P34706,GLOBULAR
Q9USP7,GLOBULAR
Q8RXH8,GLOBULAR
Q8BG60,GLOBULAR
Q84N48,GLOBULAR
O74830,GLOBULAR
D3ZGX1,GLOBULAR
Q9BDB7,GLOBULAR
Q9CAQ2,GLOBULAR
P25490,GLOBULAR
Q9SPG2,GLOBULAR
Q7JXF5,GLOBULAR
O74793,GLOBULAR
Q9P6N7,GLOBULAR
P59598,GLOBULAR
P0CU08,GLOBULAR
Q8WWL7,GLOBULAR
Q9HAW0,GLOBULAR
Q42577,GLOBULAR
Q7L5N1,GLOBULAR
A0A0M3U1B0,GLOBULAR
O75925,GLOBULAR
O15344,GLOBULAR
O74731,GLOBULAR
Q6ZMR3,GLOBULAR
P41777,GLOBULAR
P35187,GLOBULAR
Q14191,GLOBULAR
Q9SGU3,GLOBULAR
P40167,GLOBULAR
Q8L627,GLOBULAR
O14220,GLOBULAR
Q9UM63,GLOBULAR
O14979,GLOBULAR
O00488,GLOBULAR
Q09820,GLOBULAR
Q84MM9,GLOBULAR
P34021,GLOBULAR
Q9CY02,GLOBULAR
Q68FX6,GLOBULAR
Q8WUH2,GLOBULAR
Q960N3,GLOBULAR
Q14203,GLOBULAR
O00444,GLOBULAR
Q9P3W4,GLOBULAR
Q9NQV5,GLOBULAR
Q96GV9,GLOBULAR
Q9V579,GLOBULAR
Q9M219,GLOBULAR
Q8K202,GLOBULAR
O74822,GLOBULAR
P36136,GLOBULAR
P36519,GLOBULAR
P51998,GLOBULAR
O13974,GLOBULAR
O94307,GLOBULAR
Q8IZY5,GLOBULAR
Q9FHW2,GLOBULAR
P21524,GLOBULAR
O54924,GLOBULAR
Q9Y7J8,GLOBULAR
Q03426,GLOBULAR
Q9S816,GLOBULAR
P41183,GLOBULAR
Q9LPZ4,GLOBULAR
G5EFZ3,GLOBULAR
P50580,GLOBULAR
Q08923,GLOBULAR
Q13889,GLOBULAR
P22736,GLOBULAR
Q9QZM0,GLOBULAR
Q9BU02,GLOBULAR
Q02875,GLOBULAR
Q9M209,GLOBULAR
Q8TEU7,GLOBULAR
Q7L0Y3,GLOBULAR
Q08816,GLOBULAR
P28708,GLOBULAR
Q8RXU6,GLOBULAR
Q10267,GLOBULAR
Q0E3V2,GLOBULAR
P50528,GLOBULAR
Q08965,GLOBULAR
P70473,GLOBULAR
P53289,GLOBULAR
Q9C9L2,GLOBULAR
P17208,GLOBULAR
Q2NKJ3,GLOBULAR
Q04217,GLOBULAR
Q99KJ8,GLOBULAR
Q84WL6,GLOBULAR
P51617,GLOBULAR
Q55DB0,GLOBULAR
Q14980,GLOBULAR
P50995,GLOBULAR
P50536,GLOBULAR
P81299,GLOBULAR
F4K1R2,GLOBULAR
Q504Q3,GLOBULAR
P0CX84,GLOBULAR
Q9ZWA1,GLOBULAR
P38772,GLOBULAR
P92948,GLOBULAR
Q9FX45,GLOBULAR
Q8BVM7,GLOBULAR
Q8N9V6,GLOBULAR
Q8L719,GLOBULAR
G4N7S6,GLOBULAR
Q93Z00,GLOBULAR
P36094,GLOBULAR
G5ECG2,GLOBULAR
P32344,GLOBULAR
Q12497,GLOBULAR
Q02067,GLOBULAR
Q9NZH6,GLOBULAR
Q7Z3E1,GLOBULAR
P40228,GLOBULAR
Q18973,GLOBULAR
Q4G0N4,GLOBULAR
D4GYW6,GLOBULAR
P24867,GLOBULAR
B7F8P5,GLOBULAR
O74464,GLOBULAR
Q9Y3R4,GLOBULAR
Q9HE11,GLOBULAR
Q8C8M1,GLOBULAR
Q8VZR0,GLOBULAR
P12629,GLOBULAR
O95208,GLOBULAR
Q94JF2,GLOBULAR
Q32NK7,GLOBULAR
P42586,GLOBULAR
Q8C6P8,GLOBULAR
O80528,GLOBULAR
D4AE59,GLOBULAR
Q7K4M4,GLOBULAR
E9PYI1,GLOBULAR
B4XT64,GLOBULAR
P32773,GLOBULAR
P40159,GLOBULAR
Q5VT06,GLOBULAR
P32656,GLOBULAR
Q7Z6K1,GLOBULAR
Q03151,GLOBULAR
O95900,GLOBULAR
O74875,GLOBULAR
Q6LA56,GLOBULAR
O60124,GLOBULAR
P53883,GLOBULAR
Q32MQ0,GLOBULAR
O95760,GLOBULAR
Q12287,GLOBULAR
Q8IXK0,GLOBULAR
Q8BG17,GLOBULAR
Q8WWH5,GLOBULAR
Q9C658,GLOBULAR
Q9UU77,GLOBULAR
Q9U1Q0,GLOBULAR
P38278,GLOBULAR
Q9XUC2,GLOBULAR
Q9UTA4,GLOBULAR
Q06945,GLOBULAR
Q9VSK8,GLOBULAR
Q8U2E4,GLOBULAR
Q7L2J0,GLOBULAR
P28778,GLOBULAR
Q9HUF7,GLOBULAR
Q9C552,GLOBULAR
A8JAM0,GLOBULAR
O74978,GLOBULAR
Q2QQ32,GLOBULAR
Q54QV3,GLOBULAR
P38197,GLOBULAR
Q96BP2,GLOBULAR
Q03785,GLOBULAR
Q12220,GLOBULAR
Q07729,GLOBULAR
Q17381,GLOBULAR
P34341,GLOBULAR
Q13769,GLOBULAR
O00408,GLOBULAR
Q03433,GLOBULAR
Q9P799,GLOBULAR
Q96BR5,GLOBULAR
P32177,GLOBULAR
Q5JTJ3,GLOBULAR
P87143,GLOBULAR
O13684,GLOBULAR
O14040,GLOBULAR
Q6ATB4,GLOBULAR
Q43125,GLOBULAR
P82933,GLOBULAR
Q92665,GLOBULAR
Q92754,GLOBULAR
Q12321,GLOBULAR
Q9LM71,GLOBULAR
P53848,GLOBULAR
Q944G9,GLOBULAR
P69851,GLOBULAR
Q9P6K8,GLOBULAR
P12524,GLOBULAR
Q8R316,GLOBULAR
P82130,GLOBULAR
Q810B3,GLOBULAR
P27787,GLOBULAR
Q4W9R0,GLOBULAR
Q8IZQ1,GLOBULAR
O13722,GLOBULAR
Q8IY92,GLOBULAR
Q53GS7,GLOBULAR
Q6IPR1,GLOBULAR
Q9SYK4,GLOBULAR
F4HPR5,GLOBULAR
Q15649,GLOBULAR
Q93ZC5,GLOBULAR
P30183,GLOBULAR
Q9P2D1,GLOBULAR
Q9Y7U6,GLOBULAR
A5YKK6,GLOBULAR
Q10296,GLOBULAR
Q99K90,GLOBULAR
Q8GYJ4,GLOBULAR
Q27934,GLOBULAR
E1B328,GLOBULAR
B0R6J9,GLOBULAR
P36144,GLOBULAR
O04350,GLOBULAR
Q03201,GLOBULAR
Q9BYV1,GLOBULAR
Q9USN5,GLOBULAR
Q9WU12,GLOBULAR
Q9SJN0,GLOBULAR
Q9UTD7,GLOBULAR
Q99JE6,GLOBULAR
Q6XE24,GLOBULAR
Q9H3J6,GLOBULAR
Q86W54,GLOBULAR
Q9USP4,GLOBULAR
P53094,GLOBULAR
A2A870,GLOBULAR
Q84JE8,GLOBULAR
Q8N196,GLOBULAR
Q9FFH0,GLOBULAR
F4HU58,GLOBULAR
Q13428,GLOBULAR
Q7TSH3,GLOBULAR
Q09777,GLOBULAR
Q6K678,GLOBULAR
O01737,GLOBULAR
Q9ULZ0,GLOBULAR
Q9M2Q6,GLOBULAR
Q9SR70,GLOBULAR
P36154,GLOBULAR
P38889,GLOBULAR
Q5GLZ8,GLOBULAR
O59737,GLOBULAR
Q9Z206,GLOBULAR
Q08977,GLOBULAR
Q9UTQ4,GLOBULAR
P78345,GLOBULAR
Q10CH5,GLOBULAR
Q9Y7J2,GLOBULAR
P38687,GLOBULAR
Q9BUU2,GLOBULAR
P19532,GLOBULAR
Q8TC56,GLOBULAR
Q8VYR5,GLOBULAR
Q6L5B5,GLOBULAR
Q9NS25,GLOBULAR
P24483,GLOBULAR
Q96F86,GLOBULAR
Q9C0W2,GLOBULAR
Q6K271,GLOBULAR
Q3ZBF3,GLOBULAR
Q10451,GLOBULAR
Q8CIQ7,GLOBULAR
O74562,GLOBULAR
A0JP82,GLOBULAR
Q9H079,GLOBULAR
Q75GR5,GLOBULAR
P53102,GLOBULAR
P45819,GLOBULAR
Q59RR0,GLOBULAR
P39744,GLOBULAR
P32785,GLOBULAR
P40858,GLOBULAR
Q8NJU8,GLOBULAR
Q5VNN5,GLOBULAR
P0C090,GLOBULAR
Q6ZIK5,GLOBULAR
Q13671,GLOBULAR
Q9Y7Y6,GLOBULAR
Q8TD19,GLOBULAR
O94628,GLOBULAR
Q9BTP7,GLOBULAR
P03934,GLOBULAR
Q95017,GLOBULAR
O42853,GLOBULAR
A2A761,GLOBULAR
Q7TS74,GLOBULAR
P36532,GLOBULAR
P70569,GLOBULAR
P38771,GLOBULAR
Q8WU10,GLOBULAR
P37261,GLOBULAR
Q0WUY1,GLOBULAR
Q96E14,GLOBULAR
Q4WR83,GLOBULAR
Q8W4Q4,GLOBULAR
A3KGV1,GLOBULAR
Q06632,GLOBULAR
Q8BZ47,GLOBULAR
D4A702,GLOBULAR
Q9ZQ85,GLOBULAR
P30153,GLOBULAR
O74553,GLOBULAR
P87176,GLOBULAR
P51521,GLOBULAR
P62487,GLOBULAR
Q8LPN3,GLOBULAR
Q9QUS4,GLOBULAR
Q9CAF9,GLOBULAR
P32480,GLOBULAR
O75603,GLOBULAR
Q1MTQ9,GLOBULAR
O14276,GLOBULAR
Q7LKZ6,GLOBULAR
Q9T0A4,GLOBULAR
Q6R0G4,GLOBULAR
O94583,GLOBULAR
Q9P7W1,GLOBULAR
Q9P775,GLOBULAR
Q494U1,GLOBULAR
P05205,GLOBULAR
O14030,GLOBULAR
Q01981,GLOBULAR
Q04177,GLOBULAR
Q05016,GLOBULAR
P36004,GLOBULAR
Q9ST62,GLOBULAR
P53072,GLOBULAR
Q9EYW6,GLOBULAR
Q6Z1Y6,GLOBULAR
Q13492,GLOBULAR
Q94C32,GLOBULAR
Q95Y36,GLOBULAR
P42001,GLOBULAR
Q9Y7K0,GLOBULAR
O74399,GLOBULAR
Q02354,GLOBULAR
O82239,GLOBULAR
Q62376,GLOBULAR
Q9UHR4,GLOBULAR
Q07020,GLOBULAR
Q9LUB7,GLOBULAR
Q9C9K2,GLOBULAR
Q8IH18,GLOBULAR
Q8MML5,GLOBULAR
Q9Y6D6,GLOBULAR
Q9SL05,GLOBULAR
Q6NTE8,GLOBULAR
Q148B6,GLOBULAR
Q6P3G4,GLOBULAR
Q10740,GLOBULAR
Q9SKI4,GLOBULAR
P25646,GLOBULAR
Q6PFG8,GLOBULAR
Q61473,GLOBULAR
Q9M3C6,GLOBULAR
Q96GC6,GLOBULAR
Q22560,GLOBULAR
Q9P6I7,GLOBULAR
Q9ZW82,GLOBULAR
Q8N4X5,GLOBULAR
O74862,GLOBULAR
Q84LH8,GLOBULAR
Q15007,GLOBULAR
H9G301,GLOBULAR
Q8TF63,GLOBULAR
Q9W1R5,GLOBULAR
P34420,GLOBULAR
P49367,GLOBULAR
Q9HFE7,GLOBULAR
P36662,GLOBULAR
P92204,GLOBULAR
Q9ULP9,GLOBULAR
D3ZGB1,GLOBULAR
Q9H116,GLOBULAR
Q02825,GLOBULAR
Q8N371,GLOBULAR
O31625,GLOBULAR
Q7RYW6,GLOBULAR
P10121,GLOBULAR
O35927,GLOBULAR
B0F481,GLOBULAR
Q25QX6,GLOBULAR
O60178,GLOBULAR
P38701,GLOBULAR
Q96253,GLOBULAR
Q9USQ6,GLOBULAR
Q9H777,GLOBULAR
Q6U7H8,GLOBULAR
Q6ULP2,GLOBULAR
P17987,GLOBULAR
Q16851,GLOBULAR
O16025,GLOBULAR
P18146,GLOBULAR
O94278,GLOBULAR
Q9LW12,GLOBULAR
Q06706,GLOBULAR
Q9HDZ5,GLOBULAR
Q12373,GLOBULAR
O15553,GLOBULAR
O42914,GLOBULAR
Q9BQA5,GLOBULAR
Q5S006,GLOBULAR
Q5E915,GLOBULAR
Q7TQM5,GLOBULAR
Q9BRV8,GLOBULAR
Q5K131,GLOBULAR
P33419,GLOBULAR
Q9C9N6,GLOBULAR
Q9Z2F5,GLOBULAR
P49775,GLOBULAR
Q9V4C8,GLOBULAR
O59705,GLOBULAR
P25637,GLOBULAR
Q9UJV9,GLOBULAR
O51418,GLOBULAR
Q9BQP7,GLOBULAR
Q96JB5,GLOBULAR
Q9UT96,GLOBULAR
Q9Y820,GLOBULAR
Q5SML5,GLOBULAR
Q12778,GLOBULAR
Q4G0U5,GLOBULAR
Q06511,GLOBULAR
P08432,GLOBULAR
P92186,GLOBULAR
Q90257,GLOBULAR
O74544,GLOBULAR
A8J637,GLOBULAR
Q6NQJ6,GLOBULAR
P46736,GLOBULAR
Q6P161,GLOBULAR
P56628,GLOBULAR
Q15436,GLOBULAR
Q3TBL6,GLOBULAR
P50531,GLOBULAR
Q9LEZ1,GLOBULAR
Q84Y18,GLOBULAR
Q9NUU6,GLOBULAR
Q9BQI6,GLOBULAR
Q9P4U9,GLOBULAR
O74435,GLOBULAR
Q03429,GLOBULAR
A1Z9P3,GLOBULAR
Q12457,GLOBULAR
Q6PDU5,GLOBULAR
Q96E29,GLOBULAR
Q12050,GLOBULAR
Q08969,GLOBULAR
A0A024B7I0,GLOBULAR
P52927,GLOBULAR
P36138,GLOBULAR
O60315,GLOBULAR
P92947,GLOBULAR
P52891,GLOBULAR
Q6Z1Z3,GLOBULAR
Q9UTM1,GLOBULAR
Q9NGQ2,GLOBULAR
Q10573,GLOBULAR
Q9Y2I8,GLOBULAR
Q9Y7T2,GLOBULAR
Q9SIU2,GLOBULAR
Q9P7D3,GLOBULAR
Q2YDF6,GLOBULAR
P53992,GLOBULAR
Q8TBZ6,GLOBULAR
Q9I9A7,GLOBULAR
Q9X404,GLOBULAR
O60832,GLOBULAR
Q10Q07,GLOBULAR
Q9V3F3,GLOBULAR
Q96JJ3,GLOBULAR
Q6PCD5,GLOBULAR
P52594,GLOBULAR
Q14BI7,GLOBULAR
Q9JJR2,GLOBULAR
F4J3R7,GLOBULAR
O75363,GLOBULAR
P97443,GLOBULAR
Q3V0Q6,GLOBULAR
F4JP48,GLOBULAR
G5EBV0,GLOBULAR
P05740,GLOBULAR
Q9NWZ8,GLOBULAR
Q9VIF5,GLOBULAR
O60174,GLOBULAR
P46940,GLOBULAR
P38291,GLOBULAR
O80875,GLOBULAR
G5EE86,GLOBULAR
O94636,GLOBULAR
Q03825,GLOBULAR
Q0JQF7,GLOBULAR
Q12204,GLOBULAR
P34219,GLOBULAR
Q06512,GLOBULAR
O23627,GLOBULAR
P40096,GLOBULAR
P54132,GLOBULAR
Q91WA1,GLOBULAR
P61380,GLOBULAR
P82663,GLOBULAR
Q3YEC7,GLOBULAR
P47148,GLOBULAR
Q9APM5,GLOBULAR
Q66JZ4,GLOBULAR
Q8VBU8,GLOBULAR
O70608,GLOBULAR
P19263,GLOBULAR
P38086,GLOBULAR
P43594,GLOBULAR
Q9VJV8,GLOBULAR
Q9USP3,GLOBULAR
A0A0K9RDW0,GLOBULAR
Q5TCY1,GLOBULAR
O14338,GLOBULAR
Q7TS99,GLOBULAR
Q10412,GLOBULAR
Q810U5,GLOBULAR
F8VPN2,GLOBULAR
Q9NXR7,GLOBULAR
Q96MH2,GLOBULAR
P53850,GLOBULAR
P03872,GLOBULAR
P40156,GLOBULAR
Q9SY69,GLOBULAR
P12258,GLOBULAR
Q6ZU80,GLOBULAR
Q9JK81,GLOBULAR
Q681Y3,GLOBULAR
Q10357,GLOBULAR
Q4JDL3,GLOBULAR
A0A0U2UYC4,GLOBULAR
P40516,GLOBULAR
P23394,GLOBULAR
Q8IW35,GLOBULAR
Q9XIP8,GLOBULAR
P44042,SIGNAL
O28918,SIGNAL
A2VBC4,SIGNAL
B0B815,SIGNAL
Q8W257,SIGNAL
Q5U9S1,SIGNAL
Q9Y4X3,SIGNAL
P29288,SIGNAL
P05113,SIGNAL
P0A9Z7,SIGNAL
P80152,SIGNAL
Q5JNJ5,SIGNAL
E7DDH2,SIGNAL
P75371,SIGNAL
Q926C3,SIGNAL
Q8WP90,SIGNAL
Q2FZL3,SIGNAL
Q9XXV0,SIGNAL
O31810,SIGNAL
Q01117,SIGNAL
Q23997,SIGNAL
P11889,SIGNAL
Q5F5F6,SIGNAL
P96667,SIGNAL
P0AB11,SIGNAL
P13421,SIGNAL
P15692,SIGNAL
Q8GTB6,SIGNAL
P39848,SIGNAL
P0DPU8,SIGNAL
P54484,SIGNAL
P31747,SIGNAL
P55046,SIGNAL
Q8N474,SIGNAL
Q1ZYQ8,SIGNAL
Q5PP12,SIGNAL
Q46125,SIGNAL
Q13162,SIGNAL
P18709,SIGNAL
Q7YT16,SIGNAL
Q9H1M4,SIGNAL
P27654,SIGNAL
Q28989,SIGNAL
Q95P90,SIGNAL
O83516,SIGNAL
Q64HC7,SIGNAL
I6S7G5,SIGNAL
A0QR29,SIGNAL
E0XKJ8,SIGNAL
Q60214,SIGNAL
Q9XYT4,SIGNAL
P11439,SIGNAL
P22629,SIGNAL
P58300,SIGNAL
Q10NX8,SIGNAL
P10909,SIGNAL
Q8MUC5,SIGNAL
Q9U943,SIGNAL
P10669,SIGNAL
P30659,SIGNAL
P06548,SIGNAL
Q6WN34,SIGNAL
P01307,SIGNAL
P14780,SIGNAL
Q8CVC9,SIGNAL
P17118,SIGNAL
P07380,SIGNAL
P31226,SIGNAL
Q9JLA3,SIGNAL
C0HLL2,SIGNAL
B3U538,SIGNAL
P16085,SIGNAL
C4NZN9,SIGNAL
P14212,SIGNAL
E4PKG3,SIGNAL
P0DI99,SIGNAL
Q6GE63,SIGNAL
P06279,SIGNAL
P0A609,SIGNAL
C0HLA0,SIGNAL
Q86LE5,SIGNAL
P15473,SIGNAL
Q56851,SIGNAL
P02659,SIGNAL
B5FGS5,SIGNAL
P31358,SIGNAL
P83313,SIGNAL
P12729,SIGNAL
P14314,SIGNAL
P10762,SIGNAL
P0AF70,SIGNAL
Q9RU24,SIGNAL
Q5HGV1,SIGNAL
U6A629,SIGNAL
Q7CGI0,SIGNAL
C0HJQ4,SIGNAL
P30440,SIGNAL
P29722,SIGNAL
Q9P2K2,SIGNAL
Q9CMZ1,SIGNAL
Q8T0W8,SIGNAL
Q9EQX0,SIGNAL
G5EC68,SIGNAL
A7LXT4,SIGNAL
P44544,SIGNAL
P13987,SIGNAL
P25718,SIGNAL
P81160,SIGNAL
P19313,SIGNAL
Q969J5,SIGNAL
P00748,SIGNAL
P32051,SIGNAL
Q8NBL1,SIGNAL
P19427,SIGNAL
P49250,SIGNAL
P05099,SIGNAL
Q9U8X3,SIGNAL
P23903,SIGNAL
Q16663,SIGNAL
P0C8G7,SIGNAL
P07811,SIGNAL
E0D877,SIGNAL
Q48754,SIGNAL
P02746,SIGNAL
P0DPU9,SIGNAL
P94691,SIGNAL
Q8T0W5,SIGNAL
P39049,SIGNAL
B2VEI1,SIGNAL
P11657,SIGNAL
Q7L513,SIGNAL
F1NSM7,SIGNAL
P0DPV6,SIGNAL
P08751,SIGNAL
Q9S1H0,SIGNAL
P21338,SIGNAL
P07808,SIGNAL
P08118,SIGNAL
Q9UZJ3,SIGNAL
P56637,SIGNAL
P26202,SIGNAL
B1P0S1,SIGNAL
Q49803,SIGNAL
P80109,SIGNAL
Q9KYX0,SIGNAL
O83463,SIGNAL
P26906,SIGNAL
A0Q6X4,SIGNAL
Q9BZM5,SIGNAL
Q9SLP4,SIGNAL
P28581,SIGNAL
Q9H293,SIGNAL
P28319,SIGNAL
Q68XS6,SIGNAL
P44569,SIGNAL
P13385,SIGNAL
Q6F3I7,SIGNAL
A0A2I8B352,SIGNAL
Q9PWI4,SIGNAL
P02648,SIGNAL
P00992,SIGNAL
O76818,SIGNAL
O34214,SIGNAL
Q9RQB9,SIGNAL
P0CX78,SIGNAL
A0A0F7YZQ7,SIGNAL
A6W1C5,SIGNAL
Q94K85,SIGNAL
Q26377,SIGNAL
Q99519,SIGNAL
Q61508,SIGNAL
P11919,SIGNAL
Q9Z4S6,SIGNAL
P01270,SIGNAL
G8YXZ9,SIGNAL
C7G3K3,SIGNAL
P10477,SIGNAL
Q8IFJ8,SIGNAL
G4V4F9,SIGNAL
P28307,SIGNAL
P44572,SIGNAL
P0C194,SIGNAL
Q07WU7,SIGNAL
P06886,SIGNAL
P02703,SIGNAL
O96559,SIGNAL
P09464,SIGNAL
Q17058,SIGNAL
Q9RRY7,SIGNAL
P46122,SIGNAL
Q99MG7,SIGNAL
P12376,SIGNAL
P75153,SIGNAL
P10720,SIGNAL
Q08429,SIGNAL
Q9NWM8,SIGNAL
E8XP36,SIGNAL
P25871,SIGNAL
Q3V1G4,SIGNAL
P02976,SIGNAL
P76578,SIGNAL
P54865,SIGNAL
Q06576,SIGNAL
P29723,SIGNAL
Q87C91,SIGNAL
P0AB08,SIGNAL
P24821,SIGNAL
Q55210,SIGNAL
P02763,SIGNAL
P28770,SIGNAL
P01217,SIGNAL
P76341,SIGNAL
P75493,SIGNAL
Q99969,SIGNAL
Q5E2P0,SIGNAL
P9WK76,SIGNAL
Q9CC94,SIGNAL
P56202,SIGNAL
P42578,SIGNAL
Q63041,SIGNAL
Q0AE45,SIGNAL
Q7Z5A7,SIGNAL
P02675,SIGNAL
P04003,SIGNAL
I6Y9J2,SIGNAL
E9K9Z1,SIGNAL
P01579,SIGNAL
O83469,SIGNAL
P02679,SIGNAL
P60153,SIGNAL
P07602,SIGNAL
Q5D231,SIGNAL
Q05819,SIGNAL
P31716,SIGNAL
P96740,SIGNAL
P54421,SIGNAL
P28607,SIGNAL
Q1QXC9,SIGNAL
P31723,SIGNAL
P22327,SIGNAL
O95711,SIGNAL
P26501,SIGNAL
Q9HU05,SIGNAL
Q8U0A4,SIGNAL
Q7M413,SIGNAL
P11150,SIGNAL
Q9BQB4,SIGNAL
P01088,SIGNAL
D7GXG1,SIGNAL
P20713,SIGNAL
P0DQE1,SIGNAL
Q5ZXE0,SIGNAL
O83811,SIGNAL
P35441,SIGNAL
P07987,SIGNAL
P04937,SIGNAL
P10257,SIGNAL
E1VBK1,SIGNAL
O60565,SIGNAL
P50228,SIGNAL
P0C0J7,SIGNAL
Q94EG3,SIGNAL
G8JZS6,SIGNAL
P67788,SIGNAL
Q5DW47,SIGNAL
P39172,SIGNAL
Q53599,SIGNAL
P07692,SIGNAL
O83276,SIGNAL
L0DSL2,SIGNAL
P0AD44,SIGNAL
P21175,SIGNAL
Q9HB40,SIGNAL
Q8X150,SIGNAL
P83371,SIGNAL
Q14624,SIGNAL
O83691,SIGNAL
P06727,SIGNAL
P29026,SIGNAL
O08523,SIGNAL
P52823,SIGNAL
P22146,SIGNAL
O55038,SIGNAL
Q47151,SIGNAL
P08001,SIGNAL
O75711,SIGNAL
P0DL40,SIGNAL
P06200,SIGNAL
Q89AH6,SIGNAL
Q99ML8,SIGNAL
P21128,SIGNAL
P16368,SIGNAL
Q9CC87,SIGNAL
Q9VG55,SIGNAL
P04276,SIGNAL
Q9S0W8,SIGNAL
Q9C5S0,SIGNAL
B7JAQ0,SIGNAL
Q96TU3,SIGNAL
P58154,SIGNAL
Q9LRC8,SIGNAL
C7NWW8,SIGNAL
P74917,SIGNAL
F8WQK8,SIGNAL
Q9NSA1,SIGNAL
B3A003,SIGNAL
P9WK56,SIGNAL
B0FHH8,SIGNAL
Q50339,SIGNAL
Q08255,SIGNAL
P29460,SIGNAL
O83077,SIGNAL
P27033,SIGNAL
Q9M069,SIGNAL
L7VIN3,SIGNAL
P81828,SIGNAL
Q9LAB5,SIGNAL
Q03383,SIGNAL
Q4V645,SIGNAL
P35150,SIGNAL
P21625,SIGNAL
P51688,SIGNAL
A7LXT7,SIGNAL
P15922,SIGNAL
P60568,SIGNAL
O18994,SIGNAL
Q45071,SIGNAL
Q8RLX0,SIGNAL
Q0GY40,SIGNAL
Q93PU5,SIGNAL
P17164,SIGNAL
P02876,SIGNAL
P31779,SIGNAL
P80392,SIGNAL
A6URZ5,SIGNAL
P04706,SIGNAL
P20827,SIGNAL
O31486,SIGNAL
C0HL38,SIGNAL
Q05044,SIGNAL
P42061,SIGNAL
Q03490,SIGNAL
P35777,SIGNAL
P24330,SIGNAL
B1XT70,SIGNAL
Q6FYW2,SIGNAL
P23857,SIGNAL
Q9LXD6,SIGNAL
P24258,SIGNAL
P59665,SIGNAL
Q0Z8B6,SIGNAL
P34752,SIGNAL
Q96S96,SIGNAL
P02670,SIGNAL
Q7VKB7,SIGNAL
Q9KTN5,SIGNAL
O89093,SIGNAL
A6XMY0,SIGNAL
Q55P57,SIGNAL
Q8K9V7,SIGNAL
P51654,SIGNAL
P02752,SIGNAL
P81418,SIGNAL
Q9HWA1,SIGNAL
A3RJ36,SIGNAL
Q9NRR1,SIGNAL
Q02988,SIGNAL
P35823,SIGNAL
P04148,SIGNAL
I6XEI5,SIGNAL
P01170,SIGNAL
Q00749,SIGNAL
Q87RN6,SIGNAL
P15247,SIGNAL
Q9GZX6,SIGNAL
P21697,SIGNAL
P10975,SIGNAL
Q8Z6A7,SIGNAL
P0AFV5,SIGNAL
P13979,SIGNAL
P29788,SIGNAL
P19584,SIGNAL
Q8I817,SIGNAL
Q9KPQ4,SIGNAL
Q9PW19,SIGNAL
P0DMR4,SIGNAL
Q8BHN3,SIGNAL
P01499,SIGNAL
P07822,SIGNAL
Q9CKU2,SIGNAL
Q49538,SIGNAL
P84843,SIGNAL
A0A5C2A2T2,SIGNAL
O05542,SIGNAL
P75255,SIGNAL
P54318,SIGNAL
Q9CP96,SIGNAL
Q949Y3,SIGNAL
A4QD57,SIGNAL
P41547,SIGNAL
B7VIM1,SIGNAL
Q5RLZ1,SIGNAL
Q27082,SIGNAL
T2KN95,SIGNAL
P10279,SIGNAL
C1B1D9,SIGNAL
P86872,SIGNAL
O52055,SIGNAL
A5HAK0,SIGNAL
Q40975,SIGNAL
O67235,SIGNAL
Q9ZG90,SIGNAL
P01137,SIGNAL
P42660,SIGNAL
D7A6E5,SIGNAL
P35481,SIGNAL
P9WG28,SIGNAL
Q01460,SIGNAL
I6RA76,SIGNAL
P04180,SIGNAL
Q75WF2,SIGNAL
O00105,SIGNAL
A0A023W145,SIGNAL
Q52764,SIGNAL
Q58368,SIGNAL
Q29W25,SIGNAL
O95998,SIGNAL
Q9P0W0,SIGNAL
B6JKG3,SIGNAL
A0QXD9,SIGNAL
O51059,SIGNAL
P58042,SIGNAL
P38371,SIGNAL
Q86WA6,SIGNAL
P50500,SIGNAL
P00714,SIGNAL
C7F6X3,SIGNAL
Q8J0K5,SIGNAL
P35811,SIGNAL
P45615,SIGNAL
Q64610,SIGNAL
P0AGC3,SIGNAL
Q5X521,SIGNAL
Q16674,SIGNAL
Q7TQN3,SIGNAL
P67875,SIGNAL
P0AD59,SIGNAL
Q0TV31,SIGNAL
P29822,SIGNAL
Q8TD06,SIGNAL
P86407,SIGNAL
Q8I7X1,SIGNAL
P27477,SIGNAL
P13727,SIGNAL
P10163,SIGNAL
P0AEB2,SIGNAL
C9K4X8,SIGNAL
P64428,SIGNAL
Q39688,SIGNAL
O34344,SIGNAL
O95407,SIGNAL
P07102,SIGNAL
P80188,SIGNAL
P41361,SIGNAL
P18336,SIGNAL
A0A160PB22,SIGNAL
P37600,SIGNAL
P01161,SIGNAL
Q9ZBM7,SIGNAL
O31803,SIGNAL
P98066,SIGNAL
P83886,SIGNAL
P55319,SIGNAL
P18510,SIGNAL
O32005,SIGNAL
P08125,SIGNAL
Q8CNR4,SIGNAL
P22266,SIGNAL
O07634,SIGNAL
P28325,SIGNAL
P01174,SIGNAL
P18959,SIGNAL
Q59514,SIGNAL
P18684,SIGNAL
P21781,SIGNAL
P02896,SIGNAL
Q9NTU7,SIGNAL
P18915,SIGNAL
A1X158,SIGNAL
P05546,SIGNAL
Q5XM24,SIGNAL
Q6UXB1,SIGNAL
Q9GSA4,SIGNAL
P43972,SIGNAL
P35248,SIGNAL
P41222,SIGNAL
P15450,SIGNAL
P27373,SIGNAL
Q476F7,SIGNAL
Q9I596,SIGNAL
Q9GZV9,SIGNAL
P33641,SIGNAL
P29399,SIGNAL
Q9UKY0,SIGNAL
P33781,SIGNAL
P81623,SIGNAL
P41271,SIGNAL
P0C8E8,SIGNAL
P0DSJ6,SIGNAL
P54598,SIGNAL
P55320,SIGNAL
P28351,SIGNAL
O14791,SIGNAL
Q9F1L5,SIGNAL
P35053,SIGNAL
P47341,SIGNAL
P42256,SIGNAL
P25031,SIGNAL
P34116,SIGNAL
P9WK70,SIGNAL
P55428,SIGNAL
P02681,SIGNAL
P40406,SIGNAL
P21837,SIGNAL
A1SVX3,SIGNAL
Q99538,SIGNAL
P0A8X2,SIGNAL
C5J887,SIGNAL
Q9Z0L3,SIGNAL
O60844,SIGNAL
A0QYB5,SIGNAL
Q55460,SIGNAL
P43174,SIGNAL
P00652,SIGNAL
P17989,SIGNAL
Q9CKU6,SIGNAL
Q88NC7,SIGNAL
Q8WQK0,SIGNAL
P43997,SIGNAL
P22301,SIGNAL
Q8WXF3,SIGNAL
Q086E4,SIGNAL
Q02113,SIGNAL
P0A3W5,SIGNAL
P23044,SIGNAL
O31284,SIGNAL
P19478,SIGNAL
P02808,SIGNAL
Q9Z4N4,SIGNAL
P47853,SIGNAL
P9WIN9,SIGNAL
P82977,SIGNAL
B1KD83,SIGNAL
A1XRN2,SIGNAL
Q9GL30,SIGNAL
P82358,SIGNAL
P29241,SIGNAL
O43278,SIGNAL
Q01172,SIGNAL
P02924,SIGNAL
P82103,SIGNAL
P13384,SIGNAL
P9WM45,SIGNAL
P0AB85,SIGNAL
A8FW15,SIGNAL
D4GPW5,SIGNAL
P00797,SIGNAL
Q96RQ9,SIGNAL
Q7SZN0,SIGNAL
P01591,SIGNAL
Q9NL89,SIGNAL
Q54313,SIGNAL
P86929,SIGNAL
Q924B5,SIGNAL
Q9U572,SIGNAL
Q2PGV8,SIGNAL
P77754,SIGNAL
E2DQZ6,SIGNAL
P75327,SIGNAL
Q9TVX3,SIGNAL
P04155,SIGNAL
F7J1C8,SIGNAL
P71244,SIGNAL
Q4V4I9,SIGNAL
P11916,SIGNAL
C6JUP3,SIGNAL
Q8GT41,SIGNAL
P9WK79,SIGNAL
O06522,SIGNAL
P16055,SIGNAL
O95715,SIGNAL
P39325,SIGNAL
P95470,SIGNAL
P08697,SIGNAL
P01139,SIGNAL
P82143,SIGNAL
P23827,SIGNAL
O84080,SIGNAL
Q6QD51,SIGNAL
P31956,SIGNAL
Q07203,SIGNAL
P52013,SIGNAL
P16225,SIGNAL
Q09117,SIGNAL
P44654,SIGNAL
B3STN5,SIGNAL
P70837,SIGNAL
P75820,SIGNAL
P12992,SIGNAL
Q6GJM8,SIGNAL
O97939,SIGNAL
P43782,SIGNAL
P14217,SIGNAL
P31697,SIGNAL
Q5F0I3,SIGNAL
P15289,SIGNAL
P19400,SIGNAL
O76192,SIGNAL
P42517,SIGNAL
Q9I194,SIGNAL
Q96PD5,SIGNAL
P43302,SIGNAL
P84810,SIGNAL
P05305,SIGNAL
H6U1I8,SIGNAL
P27919,SIGNAL
Q63617,SIGNAL
P42363,SIGNAL
O14773,SIGNAL
Q59XX2,SIGNAL
B2RHG2,SIGNAL
Q9CJU4,SIGNAL
Q25255,SIGNAL
B2RH59,SIGNAL
P17953,SIGNAL
O32528,SIGNAL
P02702,SIGNAL
P96156,SIGNAL
P35778,SIGNAL
P09394,SIGNAL
P16636,SIGNAL
A7VN14,SIGNAL
P02462,SIGNAL
O14798,SIGNAL
P9WK69,SIGNAL
P0A902,SIGNAL
B9DY54,SIGNAL
P02790,SIGNAL
P19425,SIGNAL
P22541,SIGNAL
Q9RKQ0,SIGNAL
Q3YJT5,SIGNAL
P26461,SIGNAL
Q9Z869,SIGNAL
P02783,SIGNAL
P04557,SIGNAL
P58597,SIGNAL
P57026,SIGNAL
P01302,SIGNAL
P51456,SIGNAL
P19567,SIGNAL
P06865,SIGNAL
Q8SXL2,SIGNAL
C0SP80,SIGNAL
E1WAE4,SIGNAL
Q6EH50,SIGNAL
P07479,SIGNAL
Q99972,SIGNAL
Q08738,SIGNAL
P02749,SIGNAL
F5CPD3,SIGNAL
P14133,SIGNAL
Q27441,SIGNAL
P78581,SIGNAL
P13691,SIGNAL
Q61400,SIGNAL
P81040,SIGNAL
A8CL69,SIGNAL
P75884,SIGNAL
Q9KYG7,SIGNAL
P0AFM2,SIGNAL
Q963A9,SIGNAL
P54945,SIGNAL
P48745,SIGNAL
Q02942,SIGNAL
P15703,SIGNAL
Q2FVE7,SIGNAL
O05465,SIGNAL
P15570,SIGNAL
Q16552,SIGNAL
P12550,SIGNAL
Q9HC23,SIGNAL
A5F7A4,SIGNAL
P20774,SIGNAL
P51529,SIGNAL
P25289,SIGNAL
P0DQC1,SIGNAL
Q868Z9,SIGNAL
Q56030,SIGNAL
Q3L8N0,SIGNAL
Q68WW6,SIGNAL
P69412,SIGNAL
P81025,SIGNAL
P83234,SIGNAL
Q28085,SIGNAL
A6L3B5,SIGNAL
P61870,SIGNAL
Q9BX93,SIGNAL
F5ZAY7,SIGNAL
Q16927,SIGNAL
P18659,SIGNAL
C0HL82,SIGNAL
P05408,SIGNAL
A0A2I8B353,SIGNAL
P00736,SIGNAL
P55405,SIGNAL
P20933,SIGNAL
P78067,SIGNAL
Q83EK8,SIGNAL
Q92765,SIGNAL
C0QY54,SIGNAL
C9X4K7,SIGNAL
Q7M827,SIGNAL
Q8T0Y7,SIGNAL
P20626,SIGNAL
Q86M34,SIGNAL
P80356,SIGNAL
P84516,SIGNAL
B2RH58,SIGNAL
O83475,SIGNAL
Q59289,SIGNAL
O60609,SIGNAL
P0A906,SIGNAL
P09787,SIGNAL
Q9X6V6,SIGNAL
Q9UK55,SIGNAL
P61312,SIGNAL
Q9GKK3,SIGNAL
A0AT29,SIGNAL
P54660,SIGNAL
P61855,SIGNAL
O25930,SIGNAL
A1BQQ5,SIGNAL
Q02596,SIGNAL
P53634,SIGNAL
Q44856,SIGNAL
P21876,SIGNAL
P40770,SIGNAL
P09181,SIGNAL
E3PPC4,SIGNAL
P14630,SIGNAL
P02879,SIGNAL
O42720,SIGNAL
P75296,SIGNAL
Q59675,SIGNAL
Q9ZT16,SIGNAL
B0JFB8,SIGNAL
A0A369NIV7,SIGNAL
Q6RUF5,SIGNAL
Q06399,SIGNAL
P28837,SIGNAL
P42400,SIGNAL
A0PA72,SIGNAL
P31231,SIGNAL
P0DMD3,SIGNAL
P10425,SIGNAL
P22394,SIGNAL
Q9XSC9,SIGNAL
Q47945,SIGNAL
P21326,SIGNAL
A1IKL2,SIGNAL
Q48261,SIGNAL
Q9A6U9,SIGNAL
Q05884,SIGNAL
P33665,SIGNAL
O77801,SIGNAL
Q2FV52,SIGNAL
Q81DT1,SIGNAL
A3QH32,SIGNAL
Q72E84,SIGNAL
P9WHR3,SIGNAL
Q01578,SIGNAL
Q4WZ11,SIGNAL
A4WEW2,SIGNAL
P09056,SIGNAL
P0AFH8,SIGNAL
Q01305,SIGNAL
A0A0D1DWQ2,SIGNAL
O53361,SIGNAL
Q28388,SIGNAL
Q9VH14,SIGNAL
B2RIT0,SIGNAL
Q5NAT0,SIGNAL
P16112,SIGNAL
E1XUJ2,SIGNAL
O83774,SIGNAL
Q03352,SIGNAL
P29029,SIGNAL
P14661,SIGNAL
Q02862,SIGNAL
P44276,SIGNAL
P37028,SIGNAL
B8AL97,SIGNAL
Q57519,SIGNAL
Q62867,SIGNAL
O33434,SIGNAL
Q9PLJ2,SIGNAL
P45478,SIGNAL
Q89ED5,SIGNAL
P18775,SIGNAL
P41108,SIGNAL
Q3C258,SIGNAL
B0XRV0,SIGNAL
P59213,SIGNAL
P15926,SIGNAL
B1GT61,SIGNAL
Q64277,SIGNAL
P33487,SIGNAL
Q8L5J1,SIGNAL
P17201,SIGNAL
P01556,SIGNAL
Q27085,SIGNAL
P15270,SIGNAL
Q46835,SIGNAL
P04196,SIGNAL
A3RF67,SIGNAL
P19401,SIGNAL
P02906,SIGNAL
Q31FL3,SIGNAL
P40827,SIGNAL
A7MLE5,SIGNAL
O34385,SIGNAL
P9WG65,SIGNAL
P02655,SIGNAL
P9WK41,SIGNAL
Q9LLT1,SIGNAL
P69770,SIGNAL
Q53NL5,SIGNAL
P05149,SIGNAL
P21163,SIGNAL
P11218,SIGNAL
P81608,SIGNAL
Q45215,SIGNAL
Q9I4Z4,SIGNAL
P00738,SIGNAL
O32436,SIGNAL
A0P8X0,SIGNAL
P18958,SIGNAL
P29695,SIGNAL
P01795,SIGNAL
Q04672,SIGNAL
P24121,SIGNAL
P09350,SIGNAL
P00154,SIGNAL
P82384,SIGNAL
Q8YM40,SIGNAL
Q588Z1,SIGNAL
P16950,SIGNAL
A9Q0M7,SIGNAL
B5LZ79,SIGNAL
P39442,SIGNAL
P15698,SIGNAL
P0AEG4,SIGNAL
P0ADU5,SIGNAL
P0AET2,SIGNAL
Q58282,SIGNAL
A3DH67,SIGNAL
P05533,SIGNAL
F2QXM5,SIGNAL
P0DPU3,SIGNAL
O43866,SIGNAL
P00779,SIGNAL
O31567,SIGNAL
P01633,SIGNAL
A0A0K8P8E7,SIGNAL
B0R6I5,SIGNAL
Q8G849,SIGNAL
P51919,SIGNAL
Q51371,SIGNAL
Q5D710,SIGNAL
P25291,SIGNAL
C0SP99,SIGNAL
P0CC12,SIGNAL
P01024,SIGNAL
P04635,SIGNAL
Q17043,SIGNAL
F1RRV3,SIGNAL
Q5BGU9,SIGNAL
P24474,SIGNAL
Q2YK18,SIGNAL
Q5JIZ5,SIGNAL
Q96QR1,SIGNAL
P83513,SIGNAL
Q76FP5,SIGNAL
P00144,SIGNAL
P83880,SIGNAL
P0ADM4,SIGNAL
A0M6E0,SIGNAL
Q8NKX2,SIGNAL
P20440,SIGNAL
Q9Z0K8,SIGNAL
P37648,SIGNAL
P15320,SIGNAL
P44585,SIGNAL
Q9SU40,SIGNAL
O46168,SIGNAL
A0A0F7YYX3,SIGNAL
P10822,SIGNAL
P10745,SIGNAL
Q9Y2I2,SIGNAL
P38683,SIGNAL
O29850,SIGNAL
Q2YJ77,SIGNAL
P21978,SIGNAL
Q60557,SIGNAL
P0C552,SIGNAL
Q9Z8J4,SIGNAL
P33225,SIGNAL
P22751,SIGNAL
Q61001,SIGNAL
Q8MMH3,SIGNAL
Q99003,SIGNAL
P40136,SIGNAL
Q8ZR01,SIGNAL
P0ADB0,SIGNAL
Q46045,SIGNAL
P13720,SIGNAL
Q9AQS0,SIGNAL
P0DPU7,SIGNAL
T2GP47,SIGNAL
Q66BP4,SIGNAL
P21814,SIGNAL
P07021,SIGNAL
P28039,SIGNAL
P35578,SIGNAL
O00300,SIGNAL
Q59478,SIGNAL
P02671,SIGNAL
Q00855,SIGNAL
P01180,SIGNAL
P07643,SIGNAL
Q9L1P4,SIGNAL
P06654,SIGNAL
P54451,SIGNAL
O95968,SIGNAL
P86100,SIGNAL
Q3MUH7,SIGNAL
Q39487,SIGNAL
Q5EPH2,SIGNAL
Q8NBI3,SIGNAL
Q57IG4,SIGNAL
C7RCP6,SIGNAL
Q12127,SIGNAL
P26780,SIGNAL
P0C633,SIGNAL
Q9M373,SIGNAL
P31418,SIGNAL
P02466,SIGNAL
P13628,SIGNAL
P22365,SIGNAL
P29064,SIGNAL
A6LFT2,SIGNAL
P42111,SIGNAL
P55802,SIGNAL
P17213,SIGNAL
Q540U1,SIGNAL
A1SV87,SIGNAL
P02765,SIGNAL
P02750,SIGNAL
P75158,SIGNAL
Q01528,SIGNAL
P11021,SIGNAL
P42708,SIGNAL
P0ADA1,SIGNAL
Q6UWN5,SIGNAL
A6VKA3,SIGNAL
P54107,SIGNAL
P55145,SIGNAL
P85966,SIGNAL
P28798,SIGNAL
P54498,SIGNAL
P56595,SIGNAL
Q9ZFB3,SIGNAL
Q727P6,SIGNAL
B2UBL7,SIGNAL
P01006,SIGNAL
P26877,SIGNAL
P09102,SIGNAL
P23515,SIGNAL
Q47910,SIGNAL
E7BLC7,SIGNAL
P0ABZ6,SIGNAL
P05060,SIGNAL
A4G6A8,SIGNAL
P37387,SIGNAL
P54423,SIGNAL
D4GSY9,SIGNAL
Q9GQV7,SIGNAL
Q8WPJ2,SIGNAL
Q9HPK2,SIGNAL
Q940G0,SP
Q03723,SP
Q7XLD4,SP
Q63273,SP
Q9ULV1,SP
P36544,SP
P98161,SP
A7TZE6,SP
Q3KRC4,SP
Q78IQ7,SP
G5EDK5,SP
P57757,SP
Q9VSL7,SP
Q8BXN9,SP
P50572,SP
P25625,SP
G5ECT0,SP
Q96FM1,SP
Q6ZMH5,SP
P38745,SP
P25639,SP
Q9Z173,SP
Q9V9N1,SP
Q9ESC1,SP
Q9UKN1,SP
P04875,SP
Q04562,SP
Q9V9Y4,SP
Q5T601,SP
P25116,SP
Q03431,SP
Q14831,SP
Q6T3U3,SP
P69740,SP
P54700,SP
O53945,SP
P69681,SP
P01019,SP
P83793,SP
Q07699,SP
O60939,SP
Q8IWT1,SP
P39543,SP
P0DTC2,SP
P41543,SP
P39656,SP
P33767,SP
Q86WC4,SP
Q99PJ1,SP
P58564,SP
Q99MB1,SP
Q9NYK1,SP
O54715,SP
P53262,SP
P78423,SP
Q14165,SP
O97148,SP
P13806,SP
Q92542,SP
P41180,SP
P32248,SP
P15391,SP
P01730,SP
C6KI89,SP
E9Q9F6,SP
P0DP43,SP
P46531,SP
P13627,SP
Q5UCC4,SP
Q8N766,SP
P25574,SP
Q8GXJ4,SP
P34957,SP
O60894,SP
O60895,SP
O60896,SP
P81134,SP
E2RQ08,SP
Q9BYF1,SP
P28335,SP
P23979,SP
P30988,SP
Q03736,SP
P34998,SP
P0ABJ1,SP
Q9NRD9,SP
P24530,SP
Q9UBS5,SP
O75899,SP
P18508,SP
Q7NDN8,SP
P47871,SP
Q62640,SP
Q9H0U3,SP
Q00960,SP
Q05586,SP
Q12200,SP
P48439,SP
Q02795,SP
G1UBD1,SP
Q9AFF7,SP
P56726,SP
P04844,SP
P08842,SP
Q9KDP2,SP
P35613,SP
O00767,TM
P60467,TM
P07552,TM
O14649,TM
O74312,TM
Q93Z81,TM
P29994,TM
Q8BN82,TM
P78363,TM
P45844,TM
P04950,TM
Q5ZK43,TM
Q7T3R4,TM
P24310,TM
P51575,TM
Q3UVY1,TM
A0A0H2VG78,TM
A0A2R9TD79,TM
A0LNN5,TM
A2RMJ9,TM
Q99279,TM
A7T1N0,TM
A9A677,TM
B7IE18,TM
B9KDD4,TM
D0VWR5,TM
D0VWV4,TM
D2ZZC1,TM
D3Z7H4,TM
D5ARP7,TM
D6R8X8,TM
D6VTK4,TM
D6WJ77,TM
D9IA43,TM
E1C7U0,TM
P50726,TM
F1RAX4,TM
F9RBV9,TM
G4SW86,TM
K9UJK2,TM
O00258,TM
O00483,TM
O14842,TM
O14949,TM
O15269,TM
O28846,TM
O29777,TM
O29867,TM
O30143,TM
O31539,TM
O34349,TM
O34952,TM
D0Q0Y7,TM
O43614,TM
O66465,TM
O67305,TM
O75762,TM
O75844,TM
O75907,TM
O95838,TM
P00410,TM
P00423,TM
P00424,TM
Q8VZ10,TM
P02916,TM
P02920,TM
P03959,TM
P03960,TM
P04039,TM
P04123,TM
P04124,TM
P05146,TM
P06010,TM
P06030,TM
P06609,TM
P07255,TM
P07471,TM
P08194,TM
P08588,TM
P08911,TM
P08913,TM
P09391,TM
P0A333,TM
P0A407,TM
P0A444,TM
P0A6M2,TM
P0A8Q0,TM
P0A8Q3,TM
P0A924,TM
P0AAI3,TM
P0AAJ3,TM
P0AAM1,TM
P0AB98,TM
P0ABA0,TM
P0ABE5,TM
P0ABJ3,TM
P0ABJ9,TM
P0ABN1,TM
P0ABU7,TM
P0AC25,TM
P0AC44,TM
P0AC98,TM
P0AD27,TM
P0ADC6,TM
P0AEC3,TM
P0AEK7,TM
P0AEY8,TM
P0AF98,TM
P0AFE4,TM
P0AFF0,TM
P0AFF4,TM
P0AG90,TM
P0AG96,TM
P0AG99,TM
P0AGA2,TM
P0AGF4,TM
P0AGM7,TM
P0C0S1,TM
P0C0Y7,TM
P0C0Y8,TM
P0DO17,TM
P10174,TM
P10175,TM
P10903,TM
P11350,TM
P11551,TM
O34431,TM
P11836,TM
P12238,TM
P12333,TM
P13183,TM
P14416,TM
P14906,TM
P15647,TM
P17413,TM
P19156,TM
P19456,TM
P19518,TM
P19634,TM
P20020,TM
P20292,TM
P20789,TM
P21453,TM
P21554,TM
P97288,TM
P21730,TM
P21731,TM
P21865,TM
P21917,TM
P00130,TM
P22483,TM
P23930,TM
P23968,TM
P25090,TM
P25103,TM
P25656,TM
P25714,TM
P25929,TM
P27896,TM
P28566,TM
P28611,TM
P28612,TM
P29274,TM
P30556,TM
P30559,TM
P30878,TM
P30968,TM
P31122,TM
Q8I2A6,TM
P31547,TM
P31553,TM
P31602,TM
P32238,TM
P32245,TM
P32799,TM
P32839,TM
P32842,TM
P33775,TM
P35179,TM
P35408,TM
P35414,TM
P35610,TM
P35874,TM
P37299,TM
P38250,TM
Q24322,TM
Q558Z2,TM
Q1KPV0,TM
Q9W0Y6,TM
Q2EMT4,TM
G5EGK5,TM
Q8I5V4,TM
P38244,TM
Q12252,TM
Q86Z14,TM
P38054,TM
A1Z7G7,TM
P39301,TM
P40107,TM
H2KYS8,TM
P40719,TM
P41595,TM
P41948,TM
P42196,TM
P33534,TM
P43003,TM
P43115,TM
P43427,TM
P43457,TM
P44741,TM
P46964,TM
P47863,TM
Q5YA25,TM
P48067,TM
Q6DGG9,TM
P49146,TM
P49286,TM
P49768,TM
P50052,TM
P50637,TM
P51684,TM
P52002,TM
P52871,TM
P53985,TM
P54582,TM
G5EGQ6,TM
P55734,TM
P55917,TM
P56874,TM
Q14789,TM
P60033,TM
P60061,TM
P60460,TM
P60955,TM
P63142,TM
P63235,TM
P63250,TM
P64423,TM
P64606,TM
P68183,TM
P68699,TM
P69054,TM
P69332,TM
P69380,TM
P69428,TM
Q3UR85,TM
Q8I6Z7,TM
P75742,TM
P75830,TM
P75831,TM
P76272,TM
Q9BW72,TM
P77304,TM
P83792,TM
P83794,TM
P86218,TM
P92507,TM
P96169,TM
P97253,TM
P9WJN5,TM
P9WNQ9,TM
P9WP57,TM
Q01650,TM
Q35128,TM
Q03518,TM
Q03529,TM
Q03611,TM
Q03713,TM
Q03714,TM
Q04LE4,TM
Q05085,TM
Q08109,TM
Q08BA4,TM
Q0P9C4,TM
P12866,TM
Q9VKA4,TM
Q12431,TM
Q12675,TM
Q12770,TM
Q12791,TM
Q6IVV8,TM
Q13635,TM
Q14108,TM
Q15722,TM
Q16873,TM
Q18593,TM
Q1HG43,TM
Q2FZP8,TM
Q2JJF6,TM
Q41387,TM
Q4KL25,TM
Q53TN4,TM
Q14SY0,TM
Q57130,TM
Q57556,TM
Q57817,TM
Q57837,TM
Q58026,TM
Q58439,TM
Q5SJ79,TM
Q5SJ80,TM
P38360,TM
Q5SMG8,TM
Q5T9L3,TM
Q5W0Z9,TM
Q5ZKX9,TM
Q61009,TM
Q61420,TM
Q63424,TM
Q6LZY8,TM
Q72CX3,TM
Q7L1W4,TM
Q7Z3C6,TM
Q81BL7,TM
Q86V24,TM
Q86W47,TM
Q87TN7,TM
Q8CFW1,TM
Q8C1E7,TM
Q8CM25,TM
Q8DIF8,TM
Q8DIQ1,TM
Q9VP76,TM
Q8IWU4,TM
Q8KRV3,TM
Q8N138,TM
Q8N5M9,TM
Q8NE86,TM
P61619,TM
Q8NFK1,TM
Q9Z258,TM
Q8R6L9,TM
Q8TDU6,TM
Q8TMG0,TM
Q8TZK2,TM
Q8VYR7,TM
Q92316,TM
Q923J1,TM
Q969W0,TM
Q96BI3,TM
Q96D96,TM
Q96I45,TM
Q96RD7,TM
Q98GN8,TM
Q99808,TM
Q99J21,TM
Q9BPX6,TM
Q9BQB6,TM
Q9BSA4,TM
Q9BSA9,TM
Q9BUN8,TM
Q9BV81,TM
Q9DA75,TM
Q9FGQ2,TM
Q9H221,TM
Q99PE8,TM
Q9H244,TM
Q9H3H5,TM
Q9H4I9,TM
Q9H813,TM
Q9HAS3,TM
Q9HBA0,TM
Q9LT15,TM
P9WJK3,TM
Q9NP58,TM
Q9NRK6,TM
Q9NS75,TM
Q9NUN7,TM
Q9NW15,TM
Q10025,TM
Q9P0I2,TM
H2L0G5,TM
Q9R186,TM
Q9U6B8,TM
Q9UHW9,TM
P14772,TM
Q9WZ31,TM
Q9X1B7,TM
Q9X2W0,TM
Q9XEA1,TM
Q9Y2T5,TM
Q9Y5U4,TM
Q9Y5Y4,TM
Q9Y6H6,TM
Q9Z0G9,TM
Q9Z0S5,TM
W5PFI3,TM
